structure,basis set,PySCF_Corr,Psi4_Corr,Abs. Dev.,PySCF_norm_t1,Psi4_norm_t1,PySCF_norm_t2,Psi4_norm_t2
HLi,STO-3G,-0.02027592,-0.020275919,1.0263E-09,0.038928741,0.038928823275407747,0.15204491869252965,0.15204492090690552
FF,aug-cc-pVDZ,-0.437192806,-0.437192804,1.86758E-09,0.051552299,0.051552042516970056,0.3102787050775169,0.310278687
FF,STO-3G,-0.078442998,-0.078443001,3.25419E-09,0.016500123482148334,0.016500121,0.2580689930321362,0.2580690011507234
BF,STO-3G,-0.078625313,-0.078625309,3.91459E-09,0.068253407,0.068253271,0.24628187423582062,0.24628185763516974
BH,STO-3G,-0.057412084,-0.057412076,8.11179E-09,0.022013844,0.022013812199997044,0.2999341707290255,0.29993415757792485
HH,cc-pVDZ,-0.035044182,-0.035044173,9.478E-09,0.007856087,0.007856078,0.13305013418036388,0.1330500772032128
BB,aug-cc-pVDZ,-0.195947989,-0.195947999,1.03393E-08,0.098257329,0.098256041,0.5171984246621196,0.5171990572163262
BH,aug-cc-pVDZ,-0.091199644,-0.091199654,1.04111E-08,0.026390443,0.026390533527046338,0.3036474786404292,0.30364755943338284
HN,cc-pVDZ,-0.153711198,-0.153711208,1.09008E-08,0.015478309595543823,0.015478970963198824,0.4264806170734448,0.4264811691209057
LiLi,STO-3G,-0.028284734,-0.028284721,1.35889E-08,0.049553984143600245,0.049552874,0.306921564,0.30692127547885006
BeBe,STO-3G,-0.103107208,-0.103107193,1.48756E-08,0.032250887146851516,0.032251119,0.5059046566001458,0.5059046326488389
BLi,STO-3G,-0.086611315,-0.08661133,1.51348E-08,0.2031908269406616,0.2031912690481137,0.5154400559622604,0.5154401179207972
HN,aug-cc-pVDZ,-0.161769729,-0.161769713,1.58653E-08,0.023044969,0.023045203306612676,0.4040842205160663,0.4040827182311187
FN,STO-3G,-0.087020913,-0.08702093,1.69605E-08,0.095107963,0.095107709,0.47295212331251696,0.4729543226973617
BF,aug-cc-pVDZ,-0.284942888,-0.284942905,1.72543E-08,0.054299264175337474,0.054299355,0.3077944198057127,0.3077944888344326
CO,cc-pVDZ,-0.298372418,-0.2983724,1.7687E-08,0.061458025,0.061456596,0.2955261635626274,0.29552610660821493
BF,cc-pVDZ,-0.269359831,-0.269359849,1.80993E-08,0.055133588,0.05513195,0.2993761340606018,0.2993765811248526
OO,STO-3G,-0.14250299,-0.142502972,1.81431E-08,0.013501190277736589,0.013501153570359952,0.41165170759403213,0.41165299963002794
HH,aug-cc-pVDZ,-0.036186088,-0.036186108,2.00039E-08,0.007180004,0.007180563,0.1370135180164751,0.13701337474522324
NN,aug-cc-pVDZ,-0.32463921,-0.324639231,2.12002E-08,0.041350871479511664,0.041351051,0.3170268080872893,0.31702685245940515
FH,aug-cc-pVDZ,-0.22844435,-0.228444327,2.32697E-08,0.035472846,0.035472879,0.2011192739040221,0.20111922500673263
CC,cc-pVDZ,-0.316014464,-0.31601449,2.57593E-08,0.10858771111686259,0.10858696468933031,0.519125561,0.5191257851841365
NN,cc-pVDZ,-0.313679321,-0.313679349,2.79374E-08,0.037267146,0.037267210926217494,0.3090228769265728,0.30902294862117635
FH,STO-3G,-0.026439577,-0.026439606,2.90835E-08,0.011715844816713707,0.011715842355744443,0.12510319151397828,0.12510329754731983
CO,aug-cc-pVDZ,-0.310879483,-0.310879449,3.36874E-08,0.060546789949164986,0.060544757,0.30369628405288857,0.30369621420703746
BeO,STO-3G,-0.133121805,-0.133121763,4.20612E-08,0.23044094517309424,0.23043983983791172,0.3330493415907876,0.333049067
FH,cc-pVDZ,-0.209062991,-0.209062948,4.38029E-08,0.016130198621176203,0.016130255610994723,0.18617565392259966,0.18617557203012589
CC,aug-cc-pVDZ,-0.32087116,-0.320871212,5.17224E-08,0.10988052131638193,0.10988031821704243,0.5195998969724694,0.5196002027826166
OO,aug-cc-pVDZ,-0.400941389,-0.400941326,6.29858E-08,0.055004448,0.055004396,0.3455990764418161,0.34559876390331723
BN,aug-cc-pVDZ,-0.29691589,-0.296915826,6.37298E-08,0.2360706081980196,0.23606913013102257,0.45798062766023784,0.4579801186952996
NN,STO-3G,-0.153806659,-0.153806593,6.5465E-08,0.010212764035910305,0.010212775850283216,0.2699162,0.26991590766215834
FN,aug-cc-pVDZ,-0.363511171,-0.363511102,6.90023E-08,0.090584388,0.090584046,0.35077782377686484,0.35077549906770655
BB,STO-3G,-0.183195149,-0.183195069,8.02301E-08,0.12492368604364824,0.12492366743407463,0.5823700621255548,0.5823706933103088
FLi,STO-3G,-0.054867599,-0.054867514,8.44218E-08,0.11948916565231461,0.11949084232781046,0.19139416162442216,0.19139431919277677
CO,STO-3G,-0.131258902,-0.131258815,8.77058E-08,0.066195223,0.066194596,0.2477526374902223,0.2477524034239267
FF,cc-pVDZ,-0.404403052,-0.404402964,8.78836E-08,0.034555039143538885,0.034554608676189376,0.29868191357731855,0.29868172334144283
BH,cc-pVDZ,-0.089155122,-0.089155019,1.02774E-07,0.026464289322685724,0.026463381633601003,0.30032192316752565,0.3003213656350344
OO,cc-pVDZ,-0.381978212,-0.381978106,1.0583E-07,0.043005301,0.043005281,0.338134445,0.33813411186505754
BeC,STO-3G,-0.14422149,-0.144221368,1.22011E-07,0.1700093618341823,0.17000802535467247,0.5154485733539212,0.5154453972712165
BB,cc-pVDZ,-0.193752016,-0.193752146,1.30067E-07,0.09649011,0.096490151,0.5160843221217385,0.5160859089993571
BN,STO-3G,-0.211871556,-0.211871399,1.57577E-07,0.21972399573466567,0.21972768777434556,0.5093449687509092,0.509344598
BN,cc-pVDZ,-0.290561728,-0.290562006,2.78128E-07,0.23394796362089157,0.2339447496356897,0.4582818939398174,0.45828303543107174
HN,STO-3G,-0.061979054,-0.061979393,3.38504E-07,0.008506866,0.008506788,1.0066036813887003,1.0066208556078655
CC,STO-3G,-0.253486257,-0.253485822,4.35196E-07,0.1263537628872808,0.12635384550265097,0.5740244966203178,0.5740226928434123
FN,cc-pVDZ,-0.341230602,-0.341229957,6.44759E-07,0.08768346,0.087680606,0.3445825006850655,0.3445694424431563
BeBe,cc-pVDZ,-0.097855499,-0.097862191,6.69187E-06,0.051259099,0.051244094,0.4631304690066644,0.46315316026228437
FLi,aug-cc-pVDZ,-0.237229054,-0.237236644,7.59008E-06,0.052749816,0.052717035,0.20769452330673888,0.2076892724444598
BeO,aug-cc-pVDZ,-0.255854528,-0.255844549,9.9783E-06,0.13243273199160682,0.13241444841036867,0.288331866,0.28834133596937583
HLi,aug-cc-pVDZ,-0.037112504,-0.037095602,1.69027E-05,0.017419481741666704,0.017462725,0.17528875064476435,0.17524980395504255
BeBe,aug-cc-pVDZ,-0.09816229,-0.098184784,2.24939E-05,0.055424609,0.05545073,0.4625775690140052,0.4626066963896709
BeC,cc-pVDZ,-0.180396841,-0.180372026,2.48148E-05,0.15776974889039388,0.15783296230251762,0.45246920379327504,0.45248830346553265
LiLi,aug-cc-pVDZ,-0.031564382,-0.031532019,3.23629E-05,0.020759274,0.020619858236446742,0.32166440788210804,0.321589096
BeO,cc-pVDZ,-0.241292593,-0.241256298,3.62951E-05,0.14787918247704454,0.14791562744408016,0.2855289567897753,0.28554957802726844
BeC,aug-cc-pVDZ,-0.183928841,-0.183885359,4.34824E-05,0.15655951103257257,0.15665157992971865,0.4499108126490106,0.44990569892595894
LiLi,cc-pVDZ,-0.031382257,-0.031432106,4.98486E-05,0.01802957,0.017701834769186218,0.3212902082093222,0.32189009991913886
BLi,aug-cc-pVDZ,-0.097178786,-0.097127228,5.15582E-05,0.07593873,0.076142162,0.3916485921745643,0.3915905300522991
FLi,cc-pVDZ,-0.209124978,-0.209178474,5.34959E-05,0.053285842799092584,0.053315488,0.19255220790645286,0.19271780603702207
HLi,cc-pVDZ,-0.031108877,-0.031025843,8.30338E-05,0.023466778233964845,0.023470347,0.16366942058818273,0.16345696623470138
BLi,cc-pVDZ,-0.095231988,-0.095135376,9.66125E-05,0.084750591,0.085246606,0.3952625942469907,0.39529647135235896
LiN,aug-cc-pVDZ,-0.169154819,-0.169030481,0.000124338,0.038724167,0.038701264,0.3802909967764681,0.3802731630161341
LiN,STO-3G,-0.07657032,-0.077756673,0.001186353,0.091110331,0.085223897,0.8740556859867414,0.43942997564851893
BC,STO-3G,-0.19787934,-0.202448648,0.004569308,0.285924988,0.1626919540825717,0.5667657353365718,0.550066878
BeLi,STO-3G,-0.039494213,-0.045231508,0.005737295,0.2208504931790341,0.13818247866917624,0.3527507390113655,0.29433607523053423
BeH,STO-3G,-0.021963358,-0.029004551,0.007041193,0.042569857,0.13278296640117376,0.15667626935484105,0.1487575180886776
LiN,cc-pVDZ,-0.154263714,-0.161410655,0.007146942,0.042235017178379075,0.043984432,0.3912305873456961,0.43535754144676375
BeF,aug-cc-pVDZ,-0.235163179,-0.243124336,0.007961158,0.07368174,0.11313510717444081,0.3063999243375618,0.21155097532187253
BeH,aug-cc-pVDZ,-0.040415943,-0.048953752,0.008537809,0.034561237407173775,0.14947225751606968,0.1924648166923247,0.17482175042039869
BeH,cc-pVDZ,-0.038862345,-0.047587817,0.008725473,0.034886004034834855,0.14799459703424261,0.186863167,0.17331966591315037
BeF,cc-pVDZ,-0.217013541,-0.226378064,0.009364524,0.075342336,0.1175247321990338,0.2885181901291539,0.20485523065798478
BeF,STO-3G,-0.052819152,-0.072892629,0.020073476,0.12234741614266242,0.17381940507273422,0.25126474373855906,0.19417427311919233
HH,STO-3G,-0.021457408,,0.021457408,1.4342539766911463e-16,3.662527473228887e-16,0.11764658654358612,0.11764539836764235
BeLi,aug-cc-pVDZ,-0.048122017,-0.069916999,0.021794982,0.1738611988827049,0.27929387580368503,0.3410751597736341,0.32281160999275904
BeLi,cc-pVDZ,-0.046988206,-0.068966932,0.021978726,0.17496980269986362,0.2771332922835898,0.3389576605355023,0.3224184079328793
BC,cc-pVDZ,-0.237538352,-0.261615244,0.024076892,0.3013257980712992,0.20189882640187268,0.5425902842203357,0.5072684056609172
BC,aug-cc-pVDZ,-0.2412954,-0.265969881,0.024674481,0.29673765072449115,0.2115229677560345,0.5457385434683436,0.50785225
BBe,aug-cc-pVDZ,-0.132774608,-0.160584904,0.027810296,0.19445477697891486,0.2792745696034265,0.5087744046347579,0.4647454093723496
BBe,cc-pVDZ,-0.131542772,-0.159722617,0.028179844,0.199232873,0.27760499829591934,0.5075657222890597,0.4653484045931248
BeN,aug-cc-pVDZ,-0.209933482,-0.181217563,0.028715919,0.347693966,0.17273346626880293,0.45275833283935824,0.35551086498222384
BeN,cc-pVDZ,-0.202743571,-0.173857018,0.028886553,0.3733158597801668,0.16962387288259886,0.4548786278482149,0.352043558
CLi,aug-cc-pVDZ,-0.121042847,-0.156049567,0.03500672,0.079599332,0.20052526076280458,0.4020282806860913,0.42674790103424337
CLi,cc-pVDZ,-0.112600437,-0.148028136,0.035427699,0.094960838,0.19083169537671196,0.41620538224961334,0.43917064168470504
CH,aug-cc-pVDZ,-0.111304675,-0.14800556,0.036700885,0.039292967,0.16461432821276842,0.29710956618782625,0.28970249929203673
CH,cc-pVDZ,-0.10713548,-0.144481696,0.037346217,0.031611198,0.1542654350643027,0.28403927871563783,0.2872954596009436
BeN,STO-3G,-0.131540093,-0.092381435,0.039158658,0.5023408651756139,0.23300357954943834,0.5647894228181042,0.37583678312875857
CH,STO-3G,-0.041852113,-0.08457582,0.042723707,0.017885655,0.11110691219482378,0.21496473015980877,0.27263721265805657
BBe,STO-3G,-0.119895811,-0.163417789,0.043521978,0.28444176452099224,0.29924143991412555,0.5622135871121668,0.5502348196551824
BO,aug-cc-pVDZ,-0.259397219,-0.316340313,0.056943093,0.12875028965477525,0.34357834225578454,0.3877883913846306,0.34182095673419777
BO,cc-pVDZ,-0.248707605,-0.305946118,0.057238513,0.1345832303966479,0.33983544102336016,0.3790692191984011,0.33959622559148006
CF,aug-cc-pVDZ,-0.309343653,-0.368127239,0.058783587,0.098898809,0.21794946621912314,0.3875014739396484,0.32077120874114873
CF,cc-pVDZ,-0.291093901,-0.351136993,0.060043092,0.097004347,0.2093487589578192,0.368224815,0.31589050879828123
CF,STO-3G,-0.070082962,-0.138252418,0.068169457,0.10700942536853254,0.21523408441957997,0.2639974810146731,0.2725845296736987
NO,STO-3G,-0.12800069,-0.197685026,0.069684336,0.1451371645596779,0.12243296122108742,0.33548788475037755,0.3111350612752918
BO,STO-3G,-0.116862568,-0.187471521,0.070608953,0.20341261205032915,0.3836887901586127,0.35223096498214584,0.37880158912205747
CLi,STO-3G,-0.073162461,,0.073162461,0.4196844722736398,,0.7915683064961985,
HO,cc-pVDZ,-0.165944724,-0.246755461,0.080810737,0.022139614,0.16336886345316975,0.25939025410655236,0.4896890935876395
LiO,aug-cc-pVDZ,-0.187680444,-0.269544353,0.081863909,0.075586684,0.20817961139086363,0.30439736887460067,0.4435209694693242
HO,aug-cc-pVDZ,-0.179409152,-0.261330786,0.081921635,0.046201685,0.18226896612381016,0.2847407786522345,0.48649287675411634
NO,aug-cc-pVDZ,-0.345222841,-0.428849157,0.083626316,0.12950460699440886,0.21122385234928726,0.4216375193536191,0.34657891990482204
NO,cc-pVDZ,-0.329775041,-0.414553402,0.08477836,0.12974900320555638,0.19739219370865496,0.40519978758477304,0.34305114996405683
LiO,cc-pVDZ,-0.16714881,-0.25280044,0.085651629,0.078947809,0.20413494005067306,0.28053643786251065,0.44520846374690826
HO,STO-3G,-0.025212904,-0.115237164,0.09002426,0.015047158426977403,0.1514815499580117,0.12768779273253208,1.0044821429897584
LiO,STO-3G,-0.050511207,-0.174588741,0.124077534,0.29622504587676907,0.3025995006291365,0.36152819968283534,0.8432378255757819
CN,STO-3G,-0.183777242,-0.31782213,0.134044888,0.48715360310562483,0.6626067204516266,0.4276962501533055,0.7289550561130694
FO,aug-cc-pVDZ,-0.384823551,-0.549251939,0.164428388,0.156001193,0.5159980459568856,0.40907804178016377,0.44287322766831405
FO,cc-pVDZ,-0.358196349,-0.526366371,0.168170023,0.1487487314228532,0.5195070319143196,0.38165750353659356,0.44225945839471004
FO,STO-3G,-0.063092427,-0.237577951,0.174485523,0.13871842052113534,0.5914506807353704,0.2452547007862426,0.4851221501222229
CN,cc-pVDZ,-0.26725983,-0.445331961,0.178072131,0.3820523917910272,0.7487197808981426,0.4528543091656527,0.7158190080488003
CN,aug-cc-pVDZ,-0.275608245,-0.455483073,0.179874829,0.3772387531865802,0.7620282914672659,0.46070589142163304,0.7218079117337881