Name,L,Basis,Injection,Energy_NoRecovery,SubspaceDim_NoRecovery
(Z)-1-fluoroprop-1-ene,1,STO-3G,CCSD,-213.1164848780338,71289
(Z)-1-fluoroprop-1-ene,1,STO-3G,ML,-213.1164752283366,29929
(Z)-1-fluoroprop-1-ene,1,STO-3G,ML_exact,-213.1164694410016,39204
(Z)-1-fluoroprop-1-ene,1,STO-3G,MP2,-213.1164694409951,5929
(Z)-1-fluoroprop-1-ene,1,STO-3G,random,-213.1164694409951,25921
(Z)-1-fluoroprop-1-ene,1,STO-3G,zeroes,-213.1224085521517,42849
(Z)-1-fluoroprop-1-ene,1,aug-cc-pVDZ,CCSD,-215.9496901967572,20449
(Z)-1-fluoroprop-1-ene,1,aug-cc-pVDZ,ML,-215.9496926167412,40401
(Z)-1-fluoroprop-1-ene,1,aug-cc-pVDZ,ML_exact,-215.9496895916731,28900
(Z)-1-fluoroprop-1-ene,1,aug-cc-pVDZ,MP2,-215.949689683562,24025
(Z)-1-fluoroprop-1-ene,1,aug-cc-pVDZ,random,-215.9496903828841,36481
(Z)-1-fluoroprop-1-ene,1,aug-cc-pVDZ,zeroes,-215.9496981277792,70756
(Z)-1-fluoroprop-1-ene,1,cc-pVDZ,CCSD,-215.9369614435237,7569
(Z)-1-fluoroprop-1-ene,1,cc-pVDZ,ML,-215.9369786061116,15625
(Z)-1-fluoroprop-1-ene,1,cc-pVDZ,ML_exact,-215.9369612299852,11449
(Z)-1-fluoroprop-1-ene,1,cc-pVDZ,MP2,-215.9369891761019,12769
(Z)-1-fluoroprop-1-ene,1,cc-pVDZ,random,-215.9369612161992,22201
(Z)-1-fluoroprop-1-ene,1,cc-pVDZ,zeroes,-215.9417495838928,77284
(Z)-1-fluoroprop-1-ene,2,STO-3G,CCSD,-213.1164694409951,15625
(Z)-1-fluoroprop-1-ene,2,STO-3G,ML,-213.1164694409951,16129
(Z)-1-fluoroprop-1-ene,2,STO-3G,ML_exact,-213.1164694409951,21025
(Z)-1-fluoroprop-1-ene,2,STO-3G,MP2,-213.1164694409951,22201
(Z)-1-fluoroprop-1-ene,2,STO-3G,random,-213.1164694409951,14161
(Z)-1-fluoroprop-1-ene,2,STO-3G,zeroes,-213.1207690017034,52441
(Z)-1-fluoroprop-1-ene,2,aug-cc-pVDZ,CCSD,-215.949689591666,25921
(Z)-1-fluoroprop-1-ene,2,aug-cc-pVDZ,ML,-215.949689591666,12769
(Z)-1-fluoroprop-1-ene,2,aug-cc-pVDZ,ML_exact,-215.949689591666,17689
(Z)-1-fluoroprop-1-ene,2,aug-cc-pVDZ,MP2,-215.949689591666,13689
(Z)-1-fluoroprop-1-ene,2,aug-cc-pVDZ,random,-215.949689591666,17161
(Z)-1-fluoroprop-1-ene,2,aug-cc-pVDZ,zeroes,-215.9497216494451,49729
(Z)-1-fluoroprop-1-ene,2,cc-pVDZ,CCSD,-215.9369612161992,22201
(Z)-1-fluoroprop-1-ene,2,cc-pVDZ,ML,-215.9369612161992,11881
(Z)-1-fluoroprop-1-ene,2,cc-pVDZ,ML_exact,-215.9369612161992,11025
(Z)-1-fluoroprop-1-ene,2,cc-pVDZ,MP2,-215.9369612161992,7921
(Z)-1-fluoroprop-1-ene,2,cc-pVDZ,random,-215.9369612161992,14641
(Z)-1-fluoroprop-1-ene,2,cc-pVDZ,zeroes,-215.9394149244034,56644
(Z)-1-fluoroprop-1-ene,3,STO-3G,CCSD,-213.1164694409951,8649
(Z)-1-fluoroprop-1-ene,3,STO-3G,ML,-213.1164694409951,9801
(Z)-1-fluoroprop-1-ene,3,STO-3G,ML_exact,-213.1164694409951,15625
(Z)-1-fluoroprop-1-ene,3,STO-3G,MP2,-213.1164694409951,13689
(Z)-1-fluoroprop-1-ene,3,STO-3G,random,-213.1164694409951,9409
(Z)-1-fluoroprop-1-ene,3,STO-3G,zeroes,-213.1264433961168,68121
(Z)-1-fluoroprop-1-ene,3,aug-cc-pVDZ,CCSD,-215.949689591666,16129
(Z)-1-fluoroprop-1-ene,3,aug-cc-pVDZ,ML,-215.949689591666,21609
(Z)-1-fluoroprop-1-ene,3,aug-cc-pVDZ,ML_exact,-215.949689591666,14641
(Z)-1-fluoroprop-1-ene,3,aug-cc-pVDZ,MP2,-215.949689591666,16129
(Z)-1-fluoroprop-1-ene,3,aug-cc-pVDZ,random,-215.949689591666,16641
(Z)-1-fluoroprop-1-ene,3,aug-cc-pVDZ,zeroes,-215.9497100223322,66049
(Z)-1-fluoroprop-1-ene,3,cc-pVDZ,CCSD,-215.9369612161992,17161
(Z)-1-fluoroprop-1-ene,3,cc-pVDZ,ML,-215.9369612161992,11881
(Z)-1-fluoroprop-1-ene,3,cc-pVDZ,ML_exact,-215.9369612161992,12769
(Z)-1-fluoroprop-1-ene,3,cc-pVDZ,MP2,-215.9369612161992,22801
(Z)-1-fluoroprop-1-ene,3,cc-pVDZ,random,-215.9369612161992,15129
(Z)-1-fluoroprop-1-ene,3,cc-pVDZ,zeroes,-215.9399040800087,71824
(Z)-1-fluoroprop-1-ene,4,STO-3G,CCSD,-213.1164694409951,17161
(Z)-1-fluoroprop-1-ene,4,STO-3G,ML,-213.1164694409951,11881
(Z)-1-fluoroprop-1-ene,4,STO-3G,ML_exact,-213.1164694409951,14161
(Z)-1-fluoroprop-1-ene,4,STO-3G,MP2,-213.1164694409951,14641
(Z)-1-fluoroprop-1-ene,4,STO-3G,random,-213.1164694409951,19881
(Z)-1-fluoroprop-1-ene,4,STO-3G,zeroes,-213.1199331219672,62001
(Z)-1-fluoroprop-1-ene,4,aug-cc-pVDZ,CCSD,-215.949689591666,15129
(Z)-1-fluoroprop-1-ene,4,aug-cc-pVDZ,ML,-215.9496895916703,25921
(Z)-1-fluoroprop-1-ene,4,aug-cc-pVDZ,ML_exact,-215.949689591666,15129
(Z)-1-fluoroprop-1-ene,4,aug-cc-pVDZ,MP2,-215.949689591666,14641
(Z)-1-fluoroprop-1-ene,4,aug-cc-pVDZ,random,-215.949689591666,18225
(Z)-1-fluoroprop-1-ene,4,aug-cc-pVDZ,zeroes,-215.9497136700582,47524
(Z)-1-fluoroprop-1-ene,4,cc-pVDZ,CCSD,-215.9369612161992,11449
(Z)-1-fluoroprop-1-ene,4,cc-pVDZ,ML,-215.9369612161992,23409
(Z)-1-fluoroprop-1-ene,4,cc-pVDZ,ML_exact,-215.9369613975373,10609
(Z)-1-fluoroprop-1-ene,4,cc-pVDZ,MP2,-215.9369612161992,25281
(Z)-1-fluoroprop-1-ene,4,cc-pVDZ,random,-215.9369612161992,13689
(Z)-1-fluoroprop-1-ene,4,cc-pVDZ,zeroes,-215.9379057101208,52900
(Z)-1-fluoroprop-1-ene,5,STO-3G,CCSD,-213.1164694409951,24649
(Z)-1-fluoroprop-1-ene,5,STO-3G,ML,-213.1164694409951,22201
(Z)-1-fluoroprop-1-ene,5,STO-3G,ML_exact,-213.1164694409951,17161
(Z)-1-fluoroprop-1-ene,5,STO-3G,MP2,-213.1164694409951,17161
(Z)-1-fluoroprop-1-ene,5,STO-3G,random,-213.1164694409951,13689
(Z)-1-fluoroprop-1-ene,5,STO-3G,zeroes,-213.1232286258177,56169
(Z)-1-fluoroprop-1-ene,5,aug-cc-pVDZ,CCSD,-215.949689591666,29929
(Z)-1-fluoroprop-1-ene,5,aug-cc-pVDZ,ML,-215.949689591666,18769
(Z)-1-fluoroprop-1-ene,5,aug-cc-pVDZ,ML_exact,-215.949689591666,21609
(Z)-1-fluoroprop-1-ene,5,aug-cc-pVDZ,MP2,-215.949689591666,23409
(Z)-1-fluoroprop-1-ene,5,aug-cc-pVDZ,random,-215.9496895916963,27225
(Z)-1-fluoroprop-1-ene,5,aug-cc-pVDZ,zeroes,-215.9497045497865,36864
(Z)-1-fluoroprop-1-ene,5,cc-pVDZ,CCSD,-215.9369612161992,27225
(Z)-1-fluoroprop-1-ene,5,cc-pVDZ,ML,-215.9369612161992,19881
(Z)-1-fluoroprop-1-ene,5,cc-pVDZ,ML_exact,-215.9369612161992,15129
(Z)-1-fluoroprop-1-ene,5,cc-pVDZ,MP2,-215.9369615652855,22801
(Z)-1-fluoroprop-1-ene,5,cc-pVDZ,random,-215.9369612161992,25921
(Z)-1-fluoroprop-1-ene,5,cc-pVDZ,zeroes,-215.9375384977977,60025
ammonia,1,STO-3G,CCSD,-55.51992752461344,2916
ammonia,1,STO-3G,ML,-55.51992913170212,2916
ammonia,1,STO-3G,ML_exact,-55.51987753704669,3025
ammonia,1,STO-3G,MP2,-55.51986858996757,2809
ammonia,1,STO-3G,random,-55.51992920362211,3136
ammonia,1,STO-3G,zeroes,-55.51885206956447,1296
ammonia,1,aug-cc-pVDZ,CCSD,-56.20530887836149,3025
ammonia,1,aug-cc-pVDZ,ML,-56.20530887837497,3025
ammonia,1,aug-cc-pVDZ,ML_exact,-56.20530886855523,2916
ammonia,1,aug-cc-pVDZ,MP2,-56.20530887841101,3025
ammonia,1,aug-cc-pVDZ,random,-56.20530887835702,3136
ammonia,1,aug-cc-pVDZ,zeroes,-56.20530346614235,1024
ammonia,1,cc-pVDZ,CCSD,-56.2067282938386,3136
ammonia,1,cc-pVDZ,ML,-56.20672829396808,3025
ammonia,1,cc-pVDZ,ML_exact,-56.2067282938386,3136
ammonia,1,cc-pVDZ,MP2,-56.20672829093609,3025
ammonia,1,cc-pVDZ,random,-56.2067282938386,3136
ammonia,1,cc-pVDZ,zeroes,-56.20622303498396,961
ammonia,2,STO-3G,CCSD,-55.51992920362211,3136
ammonia,2,STO-3G,ML,-55.51992920362211,3136
ammonia,2,STO-3G,ML_exact,-55.51992920362211,3136
ammonia,2,STO-3G,MP2,-55.51992920362211,3136
ammonia,2,STO-3G,random,-55.51992920362211,3136
ammonia,2,STO-3G,zeroes,-55.51779360337979,1089
ammonia,2,aug-cc-pVDZ,CCSD,-56.20530887835702,3136
ammonia,2,aug-cc-pVDZ,ML,-56.20530887835702,3136
ammonia,2,aug-cc-pVDZ,ML_exact,-56.20530887835702,3136
ammonia,2,aug-cc-pVDZ,MP2,-56.20530887835702,3136
ammonia,2,aug-cc-pVDZ,random,-56.20530887835702,3136
ammonia,2,aug-cc-pVDZ,zeroes,-56.20530772097472,1156
ammonia,2,cc-pVDZ,CCSD,-56.2067282938386,3136
ammonia,2,cc-pVDZ,ML,-56.2067282938386,3136
ammonia,2,cc-pVDZ,ML_exact,-56.2067282938386,3136
ammonia,2,cc-pVDZ,MP2,-56.2067282938386,3136
ammonia,2,cc-pVDZ,random,-56.2067282938386,3136
ammonia,2,cc-pVDZ,zeroes,-56.20629785453797,1024
ammonia,3,STO-3G,CCSD,-55.51992920362211,3136
ammonia,3,STO-3G,ML,-55.51992920362211,3136
ammonia,3,STO-3G,ML_exact,-55.51992920362211,3136
ammonia,3,STO-3G,MP2,-55.51992920362211,3136
ammonia,3,STO-3G,random,-55.51992920362211,3136
ammonia,3,STO-3G,zeroes,-55.51835528234114,1225
ammonia,3,aug-cc-pVDZ,CCSD,-56.20530887835702,3136
ammonia,3,aug-cc-pVDZ,ML,-56.20530887835702,3136
ammonia,3,aug-cc-pVDZ,ML_exact,-56.20530887835702,3136
ammonia,3,aug-cc-pVDZ,MP2,-56.20530887835702,3136
ammonia,3,aug-cc-pVDZ,random,-56.20530887835702,3136
ammonia,3,aug-cc-pVDZ,zeroes,-56.20530139785517,1156
ammonia,3,cc-pVDZ,CCSD,-56.2067282938386,3136
ammonia,3,cc-pVDZ,ML,-56.2067282938386,3136
ammonia,3,cc-pVDZ,ML_exact,-56.2067282938386,3136
ammonia,3,cc-pVDZ,MP2,-56.2067282938386,3136
ammonia,3,cc-pVDZ,random,-56.2067282938386,3136
ammonia,3,cc-pVDZ,zeroes,-56.2059035238153,1156
ammonia,4,STO-3G,CCSD,-55.51992920362211,3136
ammonia,4,STO-3G,ML,-55.51992920362211,3136
ammonia,4,STO-3G,ML_exact,-55.51992920362211,3136
ammonia,4,STO-3G,MP2,-55.51992920362211,3136
ammonia,4,STO-3G,random,-55.51992920362211,3136
ammonia,4,STO-3G,zeroes,-55.51828059723494,1156
ammonia,4,aug-cc-pVDZ,CCSD,-56.20530887835702,3136
ammonia,4,aug-cc-pVDZ,ML,-56.20530887835702,3136
ammonia,4,aug-cc-pVDZ,ML_exact,-56.20530887835702,3136
ammonia,4,aug-cc-pVDZ,MP2,-56.20530887835702,3136
ammonia,4,aug-cc-pVDZ,random,-56.20530887835702,3136
ammonia,4,aug-cc-pVDZ,zeroes,-56.20530884582055,1296
ammonia,4,cc-pVDZ,CCSD,-56.2067282938386,3136
ammonia,4,cc-pVDZ,ML,-56.2067282938386,3136
ammonia,4,cc-pVDZ,ML_exact,-56.2067282938386,3136
ammonia,4,cc-pVDZ,MP2,-56.2067282938386,3136
ammonia,4,cc-pVDZ,random,-56.2067282938386,3136
ammonia,4,cc-pVDZ,zeroes,-56.20589912895954,961
ammonia,5,STO-3G,CCSD,-55.51992920362211,3136
ammonia,5,STO-3G,ML,-55.51992920362211,3136
ammonia,5,STO-3G,ML_exact,-55.51992920362211,3136
ammonia,5,STO-3G,MP2,-55.51992920362211,3136
ammonia,5,STO-3G,random,-55.51992920362211,3136
ammonia,5,STO-3G,zeroes,-55.51533933435261,961
ammonia,5,aug-cc-pVDZ,CCSD,-56.20530887835702,3136
ammonia,5,aug-cc-pVDZ,ML,-56.20530887835702,3136
ammonia,5,aug-cc-pVDZ,ML_exact,-56.20530887835702,3136
ammonia,5,aug-cc-pVDZ,MP2,-56.20530887835702,3136
ammonia,5,aug-cc-pVDZ,random,-56.20530887835702,3136
ammonia,5,aug-cc-pVDZ,zeroes,-56.20530884179211,1089
ammonia,5,cc-pVDZ,CCSD,-56.2067282938386,3136
ammonia,5,cc-pVDZ,ML,-56.2067282938386,3136
ammonia,5,cc-pVDZ,ML_exact,-56.2067282938386,3136
ammonia,5,cc-pVDZ,MP2,-56.2067282938386,3136
ammonia,5,cc-pVDZ,random,-56.2067282938386,3136
ammonia,5,cc-pVDZ,zeroes,-56.20583965160355,1225
but-1-yne,1,STO-3G,CCSD,-153.0252075894808,59049
but-1-yne,1,STO-3G,ML,-153.0248949590479,53361
but-1-yne,1,STO-3G,ML_exact,-153.0249192427511,95481
but-1-yne,1,STO-3G,MP2,-153.0248949966672,62001
but-1-yne,1,STO-3G,random,-153.0248949590479,146689
but-1-yne,1,STO-3G,zeroes,-153.0364013134578,91204
but-1-yne,1,aug-cc-pVDZ,CCSD,-154.9167852198252,74529
but-1-yne,1,aug-cc-pVDZ,ML,-154.9167852198347,95481
but-1-yne,1,aug-cc-pVDZ,ML_exact,-154.9167852919979,113569
but-1-yne,1,aug-cc-pVDZ,MP2,-154.9167852198252,101761
but-1-yne,1,aug-cc-pVDZ,random,-154.9167852198252,142129
but-1-yne,1,aug-cc-pVDZ,zeroes,-154.9168021315311,66564
but-1-yne,1,cc-pVDZ,CCSD,-154.911399473087,100489
but-1-yne,1,cc-pVDZ,ML,-154.9113885898945,119025
but-1-yne,1,cc-pVDZ,ML_exact,-154.9113938866502,146689
but-1-yne,1,cc-pVDZ,MP2,-154.9114195755557,83521
but-1-yne,1,cc-pVDZ,random,-154.9113882737653,152881
but-1-yne,1,cc-pVDZ,zeroes,-154.9139111922574,109561
but-1-yne,2,STO-3G,CCSD,-153.0248949590479,71289
but-1-yne,2,STO-3G,ML,-153.0248949590479,88209
but-1-yne,2,STO-3G,ML_exact,-153.0248949590479,74529
but-1-yne,2,STO-3G,MP2,-153.0248949590479,131769
but-1-yne,2,STO-3G,random,-153.0248949590479,109561
but-1-yne,2,STO-3G,zeroes,-153.038587469453,85849
but-1-yne,2,aug-cc-pVDZ,CCSD,-154.9167852198252,101761
but-1-yne,2,aug-cc-pVDZ,ML,-154.9167852198252,105625
but-1-yne,2,aug-cc-pVDZ,ML_exact,-154.9167852198252,156025
but-1-yne,2,aug-cc-pVDZ,MP2,-154.9167852198252,136161
but-1-yne,2,aug-cc-pVDZ,random,-154.9167852672314,113569
but-1-yne,2,aug-cc-pVDZ,zeroes,-154.9168732197047,85849
but-1-yne,2,cc-pVDZ,CCSD,-154.9114348352268,87025
but-1-yne,2,cc-pVDZ,ML,-154.9113882737653,76729
but-1-yne,2,cc-pVDZ,ML_exact,-154.9113882737653,83521
but-1-yne,2,cc-pVDZ,MP2,-154.9113882737653,97969
but-1-yne,2,cc-pVDZ,random,-154.9113882737653,130321
but-1-yne,2,cc-pVDZ,zeroes,-154.9142500570294,86436
but-1-yne,3,STO-3G,CCSD,-153.0248949590479,121801
but-1-yne,3,STO-3G,ML,-153.0248949590479,87025
but-1-yne,3,STO-3G,ML_exact,-153.0248949590479,90601
but-1-yne,3,STO-3G,MP2,-153.0248949590479,121801
but-1-yne,3,STO-3G,random,-153.0248949590479,148225
but-1-yne,3,STO-3G,zeroes,-153.0347562390058,81225
but-1-yne,3,aug-cc-pVDZ,CCSD,-154.9167852198252,123201
but-1-yne,3,aug-cc-pVDZ,ML,-154.916785232375,121801
but-1-yne,3,aug-cc-pVDZ,ML_exact,-154.9167852198252,120409
but-1-yne,3,aug-cc-pVDZ,MP2,-154.9167852198252,114921
but-1-yne,3,aug-cc-pVDZ,random,-154.9167852198252,99225
but-1-yne,3,aug-cc-pVDZ,zeroes,-154.9168224596349,84681
but-1-yne,3,cc-pVDZ,CCSD,-154.9113882737653,101761
but-1-yne,3,cc-pVDZ,ML,-154.9113882737653,127449
but-1-yne,3,cc-pVDZ,ML_exact,-154.9113882737653,128881
but-1-yne,3,cc-pVDZ,MP2,-154.9113882737653,117649
but-1-yne,3,cc-pVDZ,random,-154.9113882737653,117649
but-1-yne,3,cc-pVDZ,zeroes,-154.9133246212353,97344
but-1-yne,4,STO-3G,CCSD,-153.0248949590479,123201
but-1-yne,4,STO-3G,ML,-153.0248949625537,117649
but-1-yne,4,STO-3G,ML_exact,-153.0248949590479,134689
but-1-yne,4,STO-3G,MP2,-153.0248949590479,113569
but-1-yne,4,STO-3G,random,-153.0248949590479,112225
but-1-yne,4,STO-3G,zeroes,-153.0463713698925,85849
but-1-yne,4,aug-cc-pVDZ,CCSD,-154.9167852198252,127449
but-1-yne,4,aug-cc-pVDZ,ML,-154.9167852198252,146689
but-1-yne,4,aug-cc-pVDZ,ML_exact,-154.9167852198252,110889
but-1-yne,4,aug-cc-pVDZ,MP2,-154.9167852198252,112225
but-1-yne,4,aug-cc-pVDZ,random,-154.9167852198252,119025
but-1-yne,4,aug-cc-pVDZ,zeroes,-154.9168214274052,58564
but-1-yne,4,cc-pVDZ,CCSD,-154.9113882737653,139129
but-1-yne,4,cc-pVDZ,ML,-154.9113882737653,133225
but-1-yne,4,cc-pVDZ,ML_exact,-154.9113882737653,170569
but-1-yne,4,cc-pVDZ,MP2,-154.9113882737653,95481
but-1-yne,4,cc-pVDZ,random,-154.9113882747189,140625
but-1-yne,4,cc-pVDZ,zeroes,-154.913695823125,115600
but-1-yne,5,STO-3G,CCSD,-153.0248949590479,121801
but-1-yne,5,STO-3G,ML,-153.0248949590479,131769
but-1-yne,5,STO-3G,ML_exact,-153.0248949590479,137641
but-1-yne,5,STO-3G,MP2,-153.0248949590479,136161
but-1-yne,5,STO-3G,random,-153.0248949590479,184041
but-1-yne,5,STO-3G,zeroes,-153.0356061717057,62500
but-1-yne,5,aug-cc-pVDZ,CCSD,-154.9167852198252,128881
but-1-yne,5,aug-cc-pVDZ,ML,-154.9167852198252,128881
but-1-yne,5,aug-cc-pVDZ,ML_exact,-154.9167852198252,139129
but-1-yne,5,aug-cc-pVDZ,MP2,-154.9167852198252,104329
but-1-yne,5,aug-cc-pVDZ,random,-154.9167852198252,160801
but-1-yne,5,aug-cc-pVDZ,zeroes,-154.9168539173232,81225
but-1-yne,5,cc-pVDZ,CCSD,-154.9113882737653,149769
but-1-yne,5,cc-pVDZ,ML,-154.9113882737653,120409
but-1-yne,5,cc-pVDZ,ML_exact,-154.9113882737653,156025
but-1-yne,5,cc-pVDZ,MP2,-154.9113883947168,159201
but-1-yne,5,cc-pVDZ,random,-154.9113882737653,145161
but-1-yne,5,cc-pVDZ,zeroes,-154.9233296928515,137641
"buta-1,3-diene",1,STO-3G,CCSD,-153.0166647982239,110889
"buta-1,3-diene",1,STO-3G,ML,-153.0165983727918,104976
"buta-1,3-diene",1,STO-3G,ML_exact,-153.0167367556865,100489
"buta-1,3-diene",1,STO-3G,MP2,-153.0169355724307,81225
"buta-1,3-diene",1,STO-3G,random,-153.0165417987441,137641
"buta-1,3-diene",1,STO-3G,zeroes,-153.0333194727522,44944
"buta-1,3-diene",1,aug-cc-pVDZ,CCSD,-154.9399130373326,89401
"buta-1,3-diene",1,aug-cc-pVDZ,ML,-154.9399456565581,136161
"buta-1,3-diene",1,aug-cc-pVDZ,ML_exact,-154.9399130462604,131769
"buta-1,3-diene",1,aug-cc-pVDZ,MP2,-154.9399130373326,120409
"buta-1,3-diene",1,aug-cc-pVDZ,random,-154.9399130373326,162409
"buta-1,3-diene",1,aug-cc-pVDZ,zeroes,-154.9437096654781,74529
"buta-1,3-diene",1,cc-pVDZ,CCSD,-154.9339206242786,91809
"buta-1,3-diene",1,cc-pVDZ,ML,-154.9339293513133,85849
"buta-1,3-diene",1,cc-pVDZ,ML_exact,-154.9339204035167,104329
"buta-1,3-diene",1,cc-pVDZ,MP2,-154.9341367660306,82944
"buta-1,3-diene",1,cc-pVDZ,random,-154.9339204035167,205209
"buta-1,3-diene",1,cc-pVDZ,zeroes,-154.9347336615248,44944
"buta-1,3-diene",2,STO-3G,CCSD,-153.0165417465356,96721
"buta-1,3-diene",2,STO-3G,ML,-153.0165563682837,89401
"buta-1,3-diene",2,STO-3G,ML_exact,-153.0165417465356,89401
"buta-1,3-diene",2,STO-3G,MP2,-153.0165417465356,112225
"buta-1,3-diene",2,STO-3G,random,-153.0165417465356,148225
"buta-1,3-diene",2,STO-3G,zeroes,-153.0227643578245,44944
"buta-1,3-diene",2,aug-cc-pVDZ,CCSD,-154.9399130373326,80089
"buta-1,3-diene",2,aug-cc-pVDZ,ML,-154.9399130373326,95481
"buta-1,3-diene",2,aug-cc-pVDZ,ML_exact,-154.9399130373326,96721
"buta-1,3-diene",2,aug-cc-pVDZ,MP2,-154.9399130373326,96721
"buta-1,3-diene",2,aug-cc-pVDZ,random,-154.9399130373326,108241
"buta-1,3-diene",2,aug-cc-pVDZ,zeroes,-154.944533576457,63001
"buta-1,3-diene",2,cc-pVDZ,CCSD,-154.9339204035167,103041
"buta-1,3-diene",2,cc-pVDZ,ML,-154.9339204038035,96721
"buta-1,3-diene",2,cc-pVDZ,ML_exact,-154.9339204035167,117649
"buta-1,3-diene",2,cc-pVDZ,MP2,-154.9339204035167,143641
"buta-1,3-diene",2,cc-pVDZ,random,-154.9339204035167,119025
"buta-1,3-diene",2,cc-pVDZ,zeroes,-154.9356557584044,56644
"buta-1,3-diene",3,STO-3G,CCSD,-153.0165417465356,116281
"buta-1,3-diene",3,STO-3G,ML,-153.0165417465356,83521
"buta-1,3-diene",3,STO-3G,ML_exact,-153.0165417465356,112225
"buta-1,3-diene",3,STO-3G,MP2,-153.0165417465356,116281
"buta-1,3-diene",3,STO-3G,random,-153.0165425859363,127449
"buta-1,3-diene",3,STO-3G,zeroes,-153.0245847022717,41209
"buta-1,3-diene",3,aug-cc-pVDZ,CCSD,-154.9399130373326,116281
"buta-1,3-diene",3,aug-cc-pVDZ,ML,-154.9399130373326,110889
"buta-1,3-diene",3,aug-cc-pVDZ,ML_exact,-154.9399130373326,119025
"buta-1,3-diene",3,aug-cc-pVDZ,MP2,-154.9399130373326,106929
"buta-1,3-diene",3,aug-cc-pVDZ,random,-154.9399130373326,106929
"buta-1,3-diene",3,aug-cc-pVDZ,zeroes,-154.9405739188061,69169
"buta-1,3-diene",3,cc-pVDZ,CCSD,-154.9339204035167,130321
"buta-1,3-diene",3,cc-pVDZ,ML,-154.9339204035167,93025
"buta-1,3-diene",3,cc-pVDZ,ML_exact,-154.9339204035167,127449
"buta-1,3-diene",3,cc-pVDZ,MP2,-154.9339204035167,116281
"buta-1,3-diene",3,cc-pVDZ,random,-154.9339204035167,94249
"buta-1,3-diene",3,cc-pVDZ,zeroes,-154.9355151660066,55696
"buta-1,3-diene",4,STO-3G,CCSD,-153.0165417465356,154449
"buta-1,3-diene",4,STO-3G,ML,-153.0165417465356,134689
"buta-1,3-diene",4,STO-3G,ML_exact,-153.0165417465356,117649
"buta-1,3-diene",4,STO-3G,MP2,-153.0165417465356,117649
"buta-1,3-diene",4,STO-3G,random,-153.0165417465356,97969
"buta-1,3-diene",4,STO-3G,zeroes,-153.0291702272264,42025
"buta-1,3-diene",4,aug-cc-pVDZ,CCSD,-154.9399130373326,103041
"buta-1,3-diene",4,aug-cc-pVDZ,ML,-154.9399130373326,185761
"buta-1,3-diene",4,aug-cc-pVDZ,ML_exact,-154.939913671339,128881
"buta-1,3-diene",4,aug-cc-pVDZ,MP2,-154.9399130373326,148225
"buta-1,3-diene",4,aug-cc-pVDZ,random,-154.9399130373326,114921
"buta-1,3-diene",4,aug-cc-pVDZ,zeroes,-154.9431878056503,58081
"buta-1,3-diene",4,cc-pVDZ,CCSD,-154.9339204035167,146689
"buta-1,3-diene",4,cc-pVDZ,ML,-154.9339204035167,114921
"buta-1,3-diene",4,cc-pVDZ,ML_exact,-154.9339204035167,95481
"buta-1,3-diene",4,cc-pVDZ,MP2,-154.9339204035167,117649
"buta-1,3-diene",4,cc-pVDZ,random,-154.9339204035167,113569
"buta-1,3-diene",4,cc-pVDZ,zeroes,-154.9412722126449,35344
"buta-1,3-diene",5,STO-3G,CCSD,-153.0165417465356,143641
"buta-1,3-diene",5,STO-3G,ML,-153.0165417465356,113569
"buta-1,3-diene",5,STO-3G,ML_exact,-153.0165418519819,137641
"buta-1,3-diene",5,STO-3G,MP2,-153.0165417465356,170569
"buta-1,3-diene",5,STO-3G,random,-153.0165417465356,131769
"buta-1,3-diene",5,STO-3G,zeroes,-153.0214748681778,54756
"buta-1,3-diene",5,aug-cc-pVDZ,CCSD,-154.9399130373326,198025
"buta-1,3-diene",5,aug-cc-pVDZ,ML,-154.9399130373326,134689
"buta-1,3-diene",5,aug-cc-pVDZ,ML_exact,-154.9399130373326,185761
"buta-1,3-diene",5,aug-cc-pVDZ,MP2,-154.9399130373326,142129
"buta-1,3-diene",5,aug-cc-pVDZ,random,-154.9399130373326,156025
"buta-1,3-diene",5,aug-cc-pVDZ,zeroes,-154.9432875067112,54289
"buta-1,3-diene",5,cc-pVDZ,CCSD,-154.9339204035167,142129
"buta-1,3-diene",5,cc-pVDZ,ML,-154.9339204035167,106929
"buta-1,3-diene",5,cc-pVDZ,ML_exact,-154.9339204035167,127449
"buta-1,3-diene",5,cc-pVDZ,MP2,-154.9339204035167,119025
"buta-1,3-diene",5,cc-pVDZ,random,-154.9339204035167,139129
"buta-1,3-diene",5,cc-pVDZ,zeroes,-154.9371847828519,59536
ethane,1,STO-3G,CCSD,-78.43204340496018,506944
ethane,1,STO-3G,ML,-78.43458469581535,393129
ethane,1,STO-3G,ML_exact,-78.42915066830196,497025
ethane,1,STO-3G,MP2,-78.43000979518663,425104
ethane,1,STO-3G,random,-78.31475475970745,806404
ethane,1,STO-3G,zeroes,-78.43120949107654,266256
ethane,1,aug-cc-pVDZ,CCSD,-79.23705560552187,532900
ethane,1,aug-cc-pVDZ,ML,-79.2370802180206,471969
ethane,1,aug-cc-pVDZ,ML_exact,-79.23707449678903,529984
ethane,1,aug-cc-pVDZ,MP2,-79.23705970491045,708964
ethane,1,aug-cc-pVDZ,random,-79.23698228052422,760384
ethane,1,aug-cc-pVDZ,zeroes,-79.23711585455598,216225
ethane,1,cc-pVDZ,CCSD,-79.25761766917711,481636
ethane,1,cc-pVDZ,ML,-79.25592934633474,632025
ethane,1,cc-pVDZ,ML_exact,-79.25767899011163,478864
ethane,1,cc-pVDZ,MP2,-79.25798262617661,405769
ethane,1,cc-pVDZ,random,-79.23566818220269,1000000
ethane,1,cc-pVDZ,zeroes,-79.25700357201521,231361
ethane,2,STO-3G,CCSD,-78.34409757163226,722500
ethane,2,STO-3G,ML,-78.32639846093716,683929
ethane,2,STO-3G,ML_exact,-78.31743324573051,570025
ethane,2,STO-3G,MP2,-78.31501839358282,552049
ethane,2,STO-3G,random,-78.30663721766331,682276
ethane,2,STO-3G,zeroes,-78.44015117933006,235225
ethane,2,aug-cc-pVDZ,CCSD,-79.23698770927851,506944
ethane,2,aug-cc-pVDZ,ML,-79.23698172027892,404496
ethane,2,aug-cc-pVDZ,ML_exact,-79.23698135381872,436921
ethane,2,aug-cc-pVDZ,MP2,-79.23700806362368,611524
ethane,2,aug-cc-pVDZ,random,-79.23698018650009,512656
ethane,2,aug-cc-pVDZ,zeroes,-79.23710456894119,174724
ethane,2,cc-pVDZ,CCSD,-79.24091048858267,459684
ethane,2,cc-pVDZ,ML,-79.24040532899758,556516
ethane,2,cc-pVDZ,ML_exact,-79.24275722548663,543169
ethane,2,cc-pVDZ,MP2,-79.24567281627193,603729
ethane,2,cc-pVDZ,random,-79.23516640154938,674041
ethane,2,cc-pVDZ,zeroes,-79.25613508844074,204304
ethane,3,STO-3G,CCSD,-78.30927550861861,391876
ethane,3,STO-3G,ML,-78.31490602362786,579121
ethane,3,STO-3G,ML_exact,-78.31087867649813,416025
ethane,3,STO-3G,MP2,-78.31426206691003,439569
ethane,3,STO-3G,random,-78.31124973705803,549081
ethane,3,STO-3G,zeroes,-78.43714456902552,233289
ethane,3,aug-cc-pVDZ,CCSD,-79.23698380184317,432964
ethane,3,aug-cc-pVDZ,ML,-79.23698002410373,417316
ethane,3,aug-cc-pVDZ,ML_exact,-79.23698163407471,444889
ethane,3,aug-cc-pVDZ,MP2,-79.23698355267311,434281
ethane,3,aug-cc-pVDZ,random,-79.23698069855331,488601
ethane,3,aug-cc-pVDZ,zeroes,-79.23709831131194,216225
ethane,3,cc-pVDZ,CCSD,-79.23631702819566,552049
ethane,3,cc-pVDZ,ML,-79.23770460238671,429025
ethane,3,cc-pVDZ,ML_exact,-79.23523277609146,544644
ethane,3,cc-pVDZ,MP2,-79.23626853934672,549081
ethane,3,cc-pVDZ,random,-79.23487731383284,550564
ethane,3,cc-pVDZ,zeroes,-79.25810248515467,219961
ethane,4,STO-3G,CCSD,-78.30731904507246,504100
ethane,4,STO-3G,ML,-78.30866610771531,480249
ethane,4,STO-3G,ML_exact,-78.30698297832444,430336
ethane,4,STO-3G,MP2,-78.308903198456,556516
ethane,4,STO-3G,random,-78.30772976448932,448900
ethane,4,STO-3G,zeroes,-78.43470701053363,228484
ethane,4,aug-cc-pVDZ,CCSD,-79.23698225509182,455625
ethane,4,aug-cc-pVDZ,ML,-79.23698021766737,419904
ethane,4,aug-cc-pVDZ,ML_exact,-79.2369854945893,552049
ethane,4,aug-cc-pVDZ,MP2,-79.2369822071849,416025
ethane,4,aug-cc-pVDZ,random,-79.2369817203184,448900
ethane,4,aug-cc-pVDZ,zeroes,-79.23710753675047,232324
ethane,4,cc-pVDZ,CCSD,-79.23526807666485,403225
ethane,4,cc-pVDZ,ML,-79.23471096480768,429025
ethane,4,cc-pVDZ,ML_exact,-79.23768979177626,476100
ethane,4,cc-pVDZ,MP2,-79.23497112434512,456976
ethane,4,cc-pVDZ,random,-79.23506800353218,467856
ethane,4,cc-pVDZ,zeroes,-79.25496819712521,213444
ethane,5,STO-3G,CCSD,-78.30745330618248,467856
ethane,5,STO-3G,ML,-78.31663496580316,499849
ethane,5,STO-3G,ML_exact,-78.31224732394418,519841
ethane,5,STO-3G,MP2,-78.30625217683448,474721
ethane,5,STO-3G,random,-78.30751748457703,484416
ethane,5,STO-3G,zeroes,-78.43493432595,252004
ethane,5,aug-cc-pVDZ,CCSD,-79.23699385707164,462400
ethane,5,aug-cc-pVDZ,ML,-79.23697984529298,492804
ethane,5,aug-cc-pVDZ,ML_exact,-79.2369803871573,454276
ethane,5,aug-cc-pVDZ,MP2,-79.23698195692359,516961
ethane,5,aug-cc-pVDZ,random,-79.2369813680518,561001
ethane,5,aug-cc-pVDZ,zeroes,-79.23711798148778,190969
ethane,5,cc-pVDZ,CCSD,-79.23537113758726,518400
ethane,5,cc-pVDZ,ML,-79.2352674332135,480249
ethane,5,cc-pVDZ,ML_exact,-79.23499178228963,396900
ethane,5,cc-pVDZ,MP2,-79.23478317155337,440896
ethane,5,cc-pVDZ,random,-79.23483091134057,362404
ethane,5,cc-pVDZ,zeroes,-79.2580923563944,243049
ethylene,1,STO-3G,CCSD,-77.22947732544567,430336
ethylene,1,STO-3G,ML,-77.22549327199435,461041
ethylene,1,STO-3G,ML_exact,-77.21574483785125,538756
ethylene,1,STO-3G,MP2,-77.21995975063042,522729
ethylene,1,STO-3G,random,-77.12263480681092,966289
ethylene,1,STO-3G,zeroes,-77.21239838892187,74529
ethylene,1,aug-cc-pVDZ,CCSD,-78.04537268106057,474721
ethylene,1,aug-cc-pVDZ,ML,-78.04538989281288,522729
ethylene,1,aug-cc-pVDZ,ML_exact,-78.04531177457794,471969
ethylene,1,aug-cc-pVDZ,MP2,-78.04538768860765,537289
ethylene,1,aug-cc-pVDZ,random,-78.04308231723651,968256
ethylene,1,aug-cc-pVDZ,zeroes,-78.04536987681294,70225
ethylene,1,cc-pVDZ,CCSD,-78.07790623001276,553536
ethylene,1,cc-pVDZ,ML,-78.07595842673412,326041
ethylene,1,cc-pVDZ,ML_exact,-78.0761890674892,483025
ethylene,1,cc-pVDZ,MP2,-78.07724130035395,413449
ethylene,1,cc-pVDZ,random,-78.06187026995384,1000000
ethylene,1,cc-pVDZ,zeroes,-78.07650750113474,95481
ethylene,2,STO-3G,CCSD,-77.16356500640161,544644
ethylene,2,STO-3G,ML,-77.19966068968833,501264
ethylene,2,STO-3G,ML_exact,-77.19463152557628,571536
ethylene,2,STO-3G,MP2,-77.15946134245793,506944
ethylene,2,STO-3G,random,-77.1026185620088,588289
ethylene,2,STO-3G,zeroes,-77.21869583672358,75076
ethylene,2,aug-cc-pVDZ,CCSD,-78.04515574557571,529984
ethylene,2,aug-cc-pVDZ,ML,-78.04496424195925,594441
ethylene,2,aug-cc-pVDZ,ML_exact,-78.04530818043298,722500
ethylene,2,aug-cc-pVDZ,MP2,-78.04504512146289,608400
ethylene,2,aug-cc-pVDZ,random,-78.04310705345468,627264
ethylene,2,aug-cc-pVDZ,zeroes,-78.04535211027681,64516
ethylene,2,cc-pVDZ,CCSD,-78.04438169427763,580644
ethylene,2,cc-pVDZ,ML,-78.07421277586361,522729
ethylene,2,cc-pVDZ,ML_exact,-78.04478698247162,567009
ethylene,2,cc-pVDZ,MP2,-78.06500381965138,565504
ethylene,2,cc-pVDZ,random,-78.0455061342833,714025
ethylene,2,cc-pVDZ,zeroes,-78.07621723435052,97344
ethylene,3,STO-3G,CCSD,-77.1249584358869,521284
ethylene,3,STO-3G,ML,-77.14755784720057,346921
ethylene,3,STO-3G,ML_exact,-77.08847441371515,462400
ethylene,3,STO-3G,MP2,-77.10666586253251,378225
ethylene,3,STO-3G,random,-77.09659924998908,440896
ethylene,3,STO-3G,zeroes,-77.21627586831033,63504
ethylene,3,aug-cc-pVDZ,CCSD,-78.0436574088179,537289
ethylene,3,aug-cc-pVDZ,ML,-78.04485174359037,552049
ethylene,3,aug-cc-pVDZ,ML_exact,-78.0435980781269,432964
ethylene,3,aug-cc-pVDZ,MP2,-78.04521663540662,553536
ethylene,3,aug-cc-pVDZ,random,-78.04338856460826,408321
ethylene,3,aug-cc-pVDZ,zeroes,-78.04534249950738,87025
ethylene,3,cc-pVDZ,CCSD,-78.04651350112124,485809
ethylene,3,cc-pVDZ,ML,-78.06157540069891,419904
ethylene,3,cc-pVDZ,ML_exact,-78.06634878333503,409600
ethylene,3,cc-pVDZ,MP2,-78.06597614041337,405769
ethylene,3,cc-pVDZ,random,-78.04267607170135,484416
ethylene,3,cc-pVDZ,zeroes,-78.07714414790652,105625
ethylene,4,STO-3G,CCSD,-77.08426742727698,368449
ethylene,4,STO-3G,ML,-77.13089245515742,463761
ethylene,4,STO-3G,ML_exact,-77.14520092786802,430336
ethylene,4,STO-3G,MP2,-77.09889730261868,412164
ethylene,4,STO-3G,random,-77.08203819316425,470596
ethylene,4,STO-3G,zeroes,-77.22144170702764,72361
ethylene,4,aug-cc-pVDZ,CCSD,-78.04487399401366,524176
ethylene,4,aug-cc-pVDZ,ML,-78.044969953935,528529
ethylene,4,aug-cc-pVDZ,ML_exact,-78.04310857581865,494209
ethylene,4,aug-cc-pVDZ,MP2,-78.0435489669404,498436
ethylene,4,aug-cc-pVDZ,random,-78.04311026656652,432964
ethylene,4,aug-cc-pVDZ,zeroes,-78.04529536268743,88804
ethylene,4,cc-pVDZ,CCSD,-78.0405032808233,351649
ethylene,4,cc-pVDZ,ML,-78.04251233504303,481636
ethylene,4,cc-pVDZ,ML_exact,-78.04313205656531,497025
ethylene,4,cc-pVDZ,MP2,-78.04184030843452,401956
ethylene,4,cc-pVDZ,random,-78.04258808305566,462400
ethylene,4,cc-pVDZ,zeroes,-78.07720976319405,99856
ethylene,5,STO-3G,CCSD,-77.10580923366228,412164
ethylene,5,STO-3G,ML,-77.08549189581161,492804
ethylene,5,STO-3G,ML_exact,-77.09283236805379,361201
ethylene,5,STO-3G,MP2,-77.09395584489845,442225
ethylene,5,STO-3G,random,-77.07655445952672,355216
ethylene,5,STO-3G,zeroes,-77.21074238069369,62001
ethylene,5,aug-cc-pVDZ,CCSD,-78.04349762099984,473344
ethylene,5,aug-cc-pVDZ,ML,-78.04308799162513,452929
ethylene,5,aug-cc-pVDZ,ML_exact,-78.0430733261644,562500
ethylene,5,aug-cc-pVDZ,MP2,-78.0447104094474,534361
ethylene,5,aug-cc-pVDZ,random,-78.04306411781982,458329
ethylene,5,aug-cc-pVDZ,zeroes,-78.04537025393428,80089
ethylene,5,cc-pVDZ,CCSD,-78.0399555637664,451584
ethylene,5,cc-pVDZ,ML,-78.04155972974473,417316
ethylene,5,cc-pVDZ,ML_exact,-78.04162439189537,399424
ethylene,5,cc-pVDZ,MP2,-78.04239283269992,446224
ethylene,5,cc-pVDZ,random,-78.0408830960532,476100
ethylene,5,cc-pVDZ,zeroes,-78.0760831459139,99856
fluoroform,1,STO-3G,CCSD,-332.0980965491906,25
fluoroform,1,STO-3G,ML,-332.0975927391316,49
fluoroform,1,STO-3G,ML_exact,-332.0976172301066,49
fluoroform,1,STO-3G,MP2,-332.0975931616612,121
fluoroform,1,STO-3G,random,-332.0975924903183,49
fluoroform,1,STO-3G,zeroes,-332.1084512643729,2601
fluoroform,1,aug-cc-pVDZ,CCSD,-336.8127897632576,256
fluoroform,1,aug-cc-pVDZ,ML,-336.8127904530912,144
fluoroform,1,aug-cc-pVDZ,ML_exact,-336.8127905332115,1156
fluoroform,1,aug-cc-pVDZ,MP2,-336.8127899619913,529
fluoroform,1,aug-cc-pVDZ,random,-336.8127897632565,9
fluoroform,1,aug-cc-pVDZ,zeroes,-336.812807498554,4489
fluoroform,1,cc-pVDZ,CCSD,-336.7876513344996,289
fluoroform,1,cc-pVDZ,ML,-336.7867835322196,9
fluoroform,1,cc-pVDZ,ML_exact,-336.786783552522,25
fluoroform,1,cc-pVDZ,MP2,-336.786783538436,81
fluoroform,1,cc-pVDZ,random,-336.7867835322224,49
fluoroform,1,cc-pVDZ,zeroes,-336.7906684702419,4761
fluoroform,2,STO-3G,zeroes,-332.11750332542397,5041
fluoroform,2,aug-cc-pVDZ,ML_exact,-336.81279097737286,121
fluoroform,2,aug-cc-pVDZ,MP2,-336.81278976325984,121
fluoroform,2,aug-cc-pVDZ,zeroes,-336.8128150194267,5041
fluoroform,2,cc-pVDZ,CCSD,-336.7867835322196,9
fluoroform,2,cc-pVDZ,MP2,-336.7867835322196,9
fluoroform,2,cc-pVDZ,random,-336.7867837347601,25
fluoroform,2,cc-pVDZ,zeroes,-336.792526092702,3844
fluoroform,3,STO-3G,ML,-332.09759248992634,9
fluoroform,3,STO-3G,zeroes,-332.1105708572426,6400
fluoroform,3,aug-cc-pVDZ,ML_exact,-336.81278976325655,9
fluoroform,3,aug-cc-pVDZ,zeroes,-336.8128127373575,3364
fluoroform,3,cc-pVDZ,CCSD,-336.7867835322196,9
fluoroform,3,cc-pVDZ,zeroes,-336.79594834349666,6084
fluoroform,4,STO-3G,zeroes,-332.1111617522755,5329
fluoroform,4,aug-cc-pVDZ,ML,-336.81278976325655,9
fluoroform,4,aug-cc-pVDZ,ML_exact,-336.81278976325655,9
fluoroform,4,aug-cc-pVDZ,random,-336.81278976325655,9
fluoroform,4,aug-cc-pVDZ,zeroes,-336.8128054581273,6241
fluoroform,4,cc-pVDZ,ML_exact,-336.7867835322196,9
fluoroform,4,cc-pVDZ,zeroes,-336.79806791481485,5476
fluoroform,5,STO-3G,zeroes,-332.11932007933285,4900
fluoroform,5,aug-cc-pVDZ,MP2,-336.8127902481243,9
fluoroform,5,aug-cc-pVDZ,random,-336.81278976325655,9
fluoroform,5,aug-cc-pVDZ,zeroes,-336.81280423128965,5476
fluoroform,5,cc-pVDZ,ML,-336.786784284163,25
fluoroform,5,cc-pVDZ,zeroes,-336.7909926709848,5184
formaldehyde,1,STO-3G,CCSD,-112.50006461282625,101761
formaldehyde,1,STO-3G,ML,-112.50075281548324,97344
formaldehyde,1,STO-3G,ML_exact,-112.5002516209555,115600
formaldehyde,1,STO-3G,MP2,-112.50101563505505,115600
formaldehyde,1,STO-3G,random,-112.49064059084309,222784
formaldehyde,1,STO-3G,zeroes,-112.49561039669318,22801
formaldehyde,1,aug-cc-pVDZ,CCSD,-113.88484225077893,95481
formaldehyde,1,aug-cc-pVDZ,ML,-113.88484066127232,91809
formaldehyde,1,aug-cc-pVDZ,ML_exact,-113.88484103495246,90000
formaldehyde,1,aug-cc-pVDZ,MP2,-113.88484224764021,96100
formaldehyde,1,aug-cc-pVDZ,random,-113.88483794379447,227529
formaldehyde,1,aug-cc-pVDZ,zeroes,-113.88477204642713,18769
formaldehyde,1,cc-pVDZ,CCSD,-113.9136703334111,91809
formaldehyde,1,cc-pVDZ,ML,-113.91424967764011,78961
formaldehyde,1,cc-pVDZ,ML_exact,-113.91419653638435,105625
formaldehyde,1,cc-pVDZ,MP2,-113.9142363444676,143641
formaldehyde,1,cc-pVDZ,random,-113.91370140405887,207025
formaldehyde,1,cc-pVDZ,zeroes,-113.91246560263379,28900
formaldehyde,2,STO-3G,CCSD,-112.50090820554315,128164
formaldehyde,2,STO-3G,ML,-112.50058822428942,132496
formaldehyde,2,STO-3G,ML_exact,-112.50030073396074,128164
formaldehyde,2,STO-3G,MP2,-112.49837797917392,118336
formaldehyde,2,STO-3G,random,-112.46928127785505,184900
formaldehyde,2,STO-3G,zeroes,-112.49815542133659,23104
formaldehyde,2,aug-cc-pVDZ,CCSD,-113.88484213985559,133225
formaldehyde,2,aug-cc-pVDZ,ML,-113.88484227426004,122500
formaldehyde,2,aug-cc-pVDZ,ML_exact,-113.88484023116,124609
formaldehyde,2,aug-cc-pVDZ,MP2,-113.88484218605679,124609
formaldehyde,2,aug-cc-pVDZ,random,-113.88462710217244,176400
formaldehyde,2,aug-cc-pVDZ,zeroes,-113.88474837866325,22500
formaldehyde,2,cc-pVDZ,CCSD,-113.91426965464932,128881
formaldehyde,2,cc-pVDZ,ML,-113.91427163519835,123904
formaldehyde,2,cc-pVDZ,ML_exact,-113.91424340534006,124609
formaldehyde,2,cc-pVDZ,MP2,-113.91360060762146,131769
formaldehyde,2,cc-pVDZ,random,-113.91336172189098,177241
formaldehyde,2,cc-pVDZ,zeroes,-113.91333691389032,19881
formaldehyde,3,STO-3G,CCSD,-112.48886911168675,134689
formaldehyde,3,STO-3G,ML,-112.4980753939128,98596
formaldehyde,3,STO-3G,ML_exact,-112.49437141607034,127449
formaldehyde,3,STO-3G,MP2,-112.48450452102192,131044
formaldehyde,3,STO-3G,random,-112.4672186471232,140625
formaldehyde,3,STO-3G,zeroes,-112.49704937221152,26569
formaldehyde,3,aug-cc-pVDZ,CCSD,-113.88484017216417,130321
formaldehyde,3,aug-cc-pVDZ,ML,-113.88482637090861,130321
formaldehyde,3,aug-cc-pVDZ,ML_exact,-113.88480517009954,122500
formaldehyde,3,aug-cc-pVDZ,MP2,-113.88483917653922,123201
formaldehyde,3,aug-cc-pVDZ,random,-113.88460924375194,124609
formaldehyde,3,aug-cc-pVDZ,zeroes,-113.8847341368127,19600
formaldehyde,3,cc-pVDZ,CCSD,-113.91424463928051,121801
formaldehyde,3,cc-pVDZ,ML,-113.91237450457298,116281
formaldehyde,3,cc-pVDZ,ML_exact,-113.91182634985988,118336
formaldehyde,3,cc-pVDZ,MP2,-113.91316677312919,123904
formaldehyde,3,cc-pVDZ,random,-113.90560619062178,136161
formaldehyde,3,cc-pVDZ,zeroes,-113.91380549950323,22801
formaldehyde,4,STO-3G,CCSD,-112.49769376546992,114921
formaldehyde,4,STO-3G,ML,-112.4319279791399,95481
formaldehyde,4,STO-3G,ML_exact,-112.49260109212823,128881
formaldehyde,4,STO-3G,MP2,-112.47379042511231,101761
formaldehyde,4,STO-3G,random,-112.47259868848722,112896
formaldehyde,4,STO-3G,zeroes,-112.49627949423247,22801
formaldehyde,4,aug-cc-pVDZ,CCSD,-113.88476034971872,124609
formaldehyde,4,aug-cc-pVDZ,ML,-113.88462084432335,110224
formaldehyde,4,aug-cc-pVDZ,ML_exact,-113.88476943590818,125316
formaldehyde,4,aug-cc-pVDZ,MP2,-113.88478339739551,113569
formaldehyde,4,aug-cc-pVDZ,random,-113.8845897543877,100489
formaldehyde,4,aug-cc-pVDZ,zeroes,-113.88478011126229,37249
formaldehyde,4,cc-pVDZ,CCSD,-113.91073030922512,112225
formaldehyde,4,cc-pVDZ,ML,-113.88227808504904,84681
formaldehyde,4,cc-pVDZ,ML_exact,-113.90595372557583,106276
formaldehyde,4,cc-pVDZ,MP2,-113.90455746737801,108241
formaldehyde,4,cc-pVDZ,random,-113.88020472938457,95481
formaldehyde,4,cc-pVDZ,zeroes,-113.91245784354398,43264
formaldehyde,5,STO-3G,CCSD,-112.48448962883838,90601
formaldehyde,5,STO-3G,ML,-112.38682989304165,80656
formaldehyde,5,STO-3G,ML_exact,-112.47217114062376,98596
formaldehyde,5,STO-3G,MP2,-112.39580717018588,87616
formaldehyde,5,STO-3G,random,-112.4431540594904,102400
formaldehyde,5,STO-3G,zeroes,-112.49299475496552,23409
formaldehyde,5,aug-cc-pVDZ,CCSD,-113.88255651746015,88209
formaldehyde,5,aug-cc-pVDZ,ML,-113.88478204325371,94249
formaldehyde,5,aug-cc-pVDZ,ML_exact,-113.88476605455433,95481
formaldehyde,5,aug-cc-pVDZ,MP2,-113.88461512159883,104976
formaldehyde,5,aug-cc-pVDZ,random,-113.88246771610069,94249
formaldehyde,5,aug-cc-pVDZ,zeroes,-113.88477109826054,26569
formaldehyde,5,cc-pVDZ,CCSD,-113.88243191007003,87616
formaldehyde,5,cc-pVDZ,ML,-113.90544059262176,89401
formaldehyde,5,cc-pVDZ,ML_exact,-113.88110388792545,90000
formaldehyde,5,cc-pVDZ,MP2,-113.90820981347464,99225
formaldehyde,5,cc-pVDZ,random,-113.88074386375449,85264
formaldehyde,5,cc-pVDZ,zeroes,-113.91290315432023,21609
methane,1,STO-3G,CCSD,-39.80610479235149,13225
methane,1,STO-3G,ML,-39.805955182648674,10000
methane,1,STO-3G,ML_exact,-39.806075649086964,14641
methane,1,STO-3G,MP2,-39.80615219279028,10816
methane,1,STO-3G,random,-39.80615652516585,15876
methane,1,STO-3G,zeroes,-39.80450115431988,5041
methane,1,aug-cc-pVDZ,CCSD,-40.19972945769723,14884
methane,1,aug-cc-pVDZ,ML,-40.19972945771303,15129
methane,1,aug-cc-pVDZ,ML_exact,-40.19972945778083,15625
methane,1,aug-cc-pVDZ,MP2,-40.19972945777347,14161
methane,1,aug-cc-pVDZ,random,-40.19972945777798,15876
methane,1,aug-cc-pVDZ,zeroes,-40.19972491530844,4489
methane,1,cc-pVDZ,CCSD,-40.211692785202516,11881
methane,1,cc-pVDZ,ML,-40.211693896466244,12100
methane,1,cc-pVDZ,ML_exact,-40.211597683207614,11664
methane,1,cc-pVDZ,MP2,-40.211696072802,12769
methane,1,cc-pVDZ,random,-40.211696209215404,15876
methane,1,cc-pVDZ,zeroes,-40.21132696749024,5776
methane,2,STO-3G,CCSD,-39.806156442532455,15625
methane,2,STO-3G,ML,-39.806156521829024,15625
methane,2,STO-3G,ML_exact,-39.806154097147044,15376
methane,2,STO-3G,MP2,-39.80615421546935,15129
methane,2,STO-3G,random,-39.80615652516585,15876
methane,2,STO-3G,zeroes,-39.803945467132806,4225
methane,2,aug-cc-pVDZ,CCSD,-40.19972945778086,15625
methane,2,aug-cc-pVDZ,ML,-40.19972945777798,15876
methane,2,aug-cc-pVDZ,ML_exact,-40.19972945777798,15876
methane,2,aug-cc-pVDZ,MP2,-40.19972945777798,15876
methane,2,aug-cc-pVDZ,random,-40.19972945777798,15876
methane,2,aug-cc-pVDZ,zeroes,-40.19972334545612,5625
methane,2,cc-pVDZ,CCSD,-40.211696209215404,15876
methane,2,cc-pVDZ,ML,-40.211696209074915,15625
methane,2,cc-pVDZ,ML_exact,-40.21169620904115,15625
methane,2,cc-pVDZ,MP2,-40.211696209215404,15876
methane,2,cc-pVDZ,random,-40.211696209215404,15876
methane,2,cc-pVDZ,zeroes,-40.211515564055276,5625
methane,3,STO-3G,CCSD,-39.80615652516585,15876
methane,3,STO-3G,ML,-39.80615652516585,15876
methane,3,STO-3G,ML_exact,-39.80615652516585,15876
methane,3,STO-3G,MP2,-39.80615652516585,15876
methane,3,STO-3G,random,-39.80615652516585,15876
methane,3,STO-3G,zeroes,-39.80415855967513,4356
methane,3,aug-cc-pVDZ,CCSD,-40.19972945777798,15876
methane,3,aug-cc-pVDZ,ML,-40.19972945777798,15876
methane,3,aug-cc-pVDZ,ML_exact,-40.19972945777798,15876
methane,3,aug-cc-pVDZ,MP2,-40.19972945777798,15876
methane,3,aug-cc-pVDZ,random,-40.19972945777798,15876
methane,3,aug-cc-pVDZ,zeroes,-40.19972937694085,4489
methane,3,cc-pVDZ,CCSD,-40.211696209215404,15876
methane,3,cc-pVDZ,ML,-40.211696209215404,15876
methane,3,cc-pVDZ,ML_exact,-40.211696209215404,15876
methane,3,cc-pVDZ,MP2,-40.211696209215404,15876
methane,3,cc-pVDZ,random,-40.211696209215404,15876
methane,3,cc-pVDZ,zeroes,-40.21158192038149,6724
methane,4,STO-3G,CCSD,-39.80615652516585,15876
methane,4,STO-3G,ML,-39.80615652516585,15876
methane,4,STO-3G,ML_exact,-39.80615652516585,15876
methane,4,STO-3G,MP2,-39.80615652516585,15876
methane,4,STO-3G,random,-39.80615652516585,15876
methane,4,STO-3G,zeroes,-39.80466587599919,5476
methane,4,aug-cc-pVDZ,CCSD,-40.19972945777798,15876
methane,4,aug-cc-pVDZ,ML,-40.19972945777798,15876
methane,4,aug-cc-pVDZ,ML_exact,-40.19972945777798,15876
methane,4,aug-cc-pVDZ,MP2,-40.19972945777798,15876
methane,4,aug-cc-pVDZ,random,-40.19972945777798,15876
methane,4,aug-cc-pVDZ,zeroes,-40.19972328044089,5476
methane,4,cc-pVDZ,CCSD,-40.21169620904115,15625
methane,4,cc-pVDZ,ML,-40.211696209215404,15876
methane,4,cc-pVDZ,ML_exact,-40.211696209215404,15876
methane,4,cc-pVDZ,MP2,-40.211696209215404,15876
methane,4,cc-pVDZ,random,-40.211696209215404,15876
methane,4,cc-pVDZ,zeroes,-40.211494236795915,5625
methane,5,STO-3G,CCSD,-39.80615652516585,15876
methane,5,STO-3G,ML,-39.80615652516585,15876
methane,5,STO-3G,ML_exact,-39.806156442532455,15625
methane,5,STO-3G,MP2,-39.80615652516585,15876
methane,5,STO-3G,random,-39.80615652516585,15876
methane,5,STO-3G,zeroes,-39.80442526960361,4761
methane,5,aug-cc-pVDZ,CCSD,-40.19972945777798,15876
methane,5,aug-cc-pVDZ,ML,-40.19972945777798,15876
methane,5,aug-cc-pVDZ,ML_exact,-40.19972945777798,15876
methane,5,aug-cc-pVDZ,MP2,-40.19972945777798,15876
methane,5,aug-cc-pVDZ,random,-40.19972945777798,15876
methane,5,aug-cc-pVDZ,zeroes,-40.199729371362224,5625
methane,5,cc-pVDZ,CCSD,-40.211696209215404,15876
methane,5,cc-pVDZ,ML,-40.211696209215404,15876
methane,5,cc-pVDZ,ML_exact,-40.211696209215404,15876
methane,5,cc-pVDZ,MP2,-40.211696209215404,15876
methane,5,cc-pVDZ,random,-40.211696209215404,15876
methane,5,cc-pVDZ,zeroes,-40.2114582172301,5776
methanol,1,STO-3G,CCSD,-113.65904250900434,229441
methanol,1,STO-3G,ML,-113.65603298077781,380689
methanol,1,STO-3G,ML_exact,-113.65847683200701,268324
methanol,1,STO-3G,MP2,-113.65780800947238,281961
methanol,1,STO-3G,random,-113.60962418966503,480249
methanol,1,STO-3G,zeroes,-113.65715338396944,87616
methanol,1,aug-cc-pVDZ,CCSD,-115.06157165338362,320356
methanol,1,aug-cc-pVDZ,ML,-115.06157240467098,280900
methanol,1,aug-cc-pVDZ,ML_exact,-115.06155019813548,341056
methanol,1,aug-cc-pVDZ,MP2,-115.06155480667664,299209
methanol,1,aug-cc-pVDZ,random,-115.06151197646022,685584
methanol,1,aug-cc-pVDZ,zeroes,-115.06156621858307,109561
methanol,1,cc-pVDZ,CCSD,-115.0680420904981,258064
methanol,1,cc-pVDZ,ML,-115.06771626379333,346921
methanol,1,cc-pVDZ,ML_exact,-115.06764570541068,245025
methanol,1,cc-pVDZ,MP2,-115.06748746154932,354025
methanol,1,cc-pVDZ,random,-115.05618218050708,729316
methanol,1,cc-pVDZ,zeroes,-115.06684897713794,88209
methanol,2,STO-3G,CCSD,-113.61852711486162,278784
methanol,2,STO-3G,ML,-113.57951902657089,236196
methanol,2,STO-3G,ML_exact,-113.60920389656235,243049
methanol,2,STO-3G,MP2,-113.5993846100462,154449
methanol,2,STO-3G,random,-113.55153083911577,228484
methanol,2,STO-3G,zeroes,-113.65291059724473,80656
methanol,2,aug-cc-pVDZ,CCSD,-115.06152995352352,227529
methanol,2,aug-cc-pVDZ,ML,-115.06153899470937,199809
methanol,2,aug-cc-pVDZ,ML_exact,-115.06155629278297,235225
methanol,2,aug-cc-pVDZ,MP2,-115.061532157134,188356
methanol,2,aug-cc-pVDZ,random,-115.06147538218056,191844
methanol,2,aug-cc-pVDZ,zeroes,-115.06157084199455,99225
methanol,2,cc-pVDZ,CCSD,-115.06042792240035,254016
methanol,2,cc-pVDZ,ML,-115.0586806927223,230400
methanol,2,cc-pVDZ,ML_exact,-115.06394285274925,269361
methanol,2,cc-pVDZ,MP2,-115.06245939708299,254016
methanol,2,cc-pVDZ,random,-115.0558917137707,269361
methanol,2,cc-pVDZ,zeroes,-115.06689264922298,103684
methanol,3,STO-3G,CCSD,-113.56068364665475,164025
methanol,3,STO-3G,ML,-113.55748012663429,136161
methanol,3,STO-3G,ML_exact,-113.56087193574822,172225
methanol,3,STO-3G,MP2,-113.57440111013932,122500
methanol,3,STO-3G,random,-113.5555283106278,160801
methanol,3,STO-3G,zeroes,-113.65275495389344,75076
methanol,3,aug-cc-pVDZ,CCSD,-115.06149432573855,164836
methanol,3,aug-cc-pVDZ,ML,-115.06148729596288,139129
methanol,3,aug-cc-pVDZ,ML_exact,-115.06148638790984,195364
methanol,3,aug-cc-pVDZ,MP2,-115.06148783909472,159201
methanol,3,aug-cc-pVDZ,random,-115.06147413544608,125316
methanol,3,aug-cc-pVDZ,zeroes,-115.06156658587713,101124
methanol,3,cc-pVDZ,CCSD,-115.05247017573814,124609
methanol,3,cc-pVDZ,ML,-115.0529783716897,168921
methanol,3,cc-pVDZ,ML_exact,-115.05331554842084,135424
methanol,3,cc-pVDZ,MP2,-115.05312866731279,164025
methanol,3,cc-pVDZ,random,-115.04936110099649,125316
methanol,3,cc-pVDZ,zeroes,-115.0666491419378,95481
methanol,4,STO-3G,CCSD,-113.56060872782226,137641
methanol,4,STO-3G,ML,-113.55167975282862,105625
methanol,4,STO-3G,ML_exact,-113.55330584445039,99856
methanol,4,STO-3G,MP2,-113.57106029882746,150544
methanol,4,STO-3G,random,-113.56096628916717,116964
methanol,4,STO-3G,zeroes,-113.65285049853091,80089
methanol,4,aug-cc-pVDZ,CCSD,-115.06148357251021,146689
methanol,4,aug-cc-pVDZ,ML,-115.0615020491729,157609
methanol,4,aug-cc-pVDZ,ML_exact,-115.06149070987826,146689
methanol,4,aug-cc-pVDZ,MP2,-115.06147445896784,146689
methanol,4,aug-cc-pVDZ,random,-115.06147405887273,119025
methanol,4,aug-cc-pVDZ,zeroes,-115.06156815920963,114921
methanol,4,cc-pVDZ,CCSD,-115.05213275981745,152100
methanol,4,cc-pVDZ,ML,-115.0521992874124,147456
methanol,4,cc-pVDZ,ML_exact,-115.05067427158272,111556
methanol,4,cc-pVDZ,MP2,-115.05080145662018,94864
methanol,4,cc-pVDZ,random,-115.04997607191225,128881
methanol,4,cc-pVDZ,zeroes,-115.06734940768246,112896
methanol,5,STO-3G,CCSD,-113.55858614926831,99856
methanol,5,STO-3G,ML,-113.55500149606976,91809
methanol,5,STO-3G,ML_exact,-113.54851178572366,100489
methanol,5,STO-3G,MP2,-113.55434532482204,110889
methanol,5,STO-3G,random,-113.5496701952066,104329
methanol,5,STO-3G,zeroes,-113.65591858434473,70756
methanol,5,aug-cc-pVDZ,CCSD,-115.06146662596606,125316
methanol,5,aug-cc-pVDZ,ML,-115.06147647738172,152100
methanol,5,aug-cc-pVDZ,ML_exact,-115.06147495271352,145924
methanol,5,aug-cc-pVDZ,MP2,-115.06147686369229,136161
methanol,5,aug-cc-pVDZ,random,-115.06147805669818,114921
methanol,5,aug-cc-pVDZ,zeroes,-115.06157195399922,104976
methanol,5,cc-pVDZ,CCSD,-115.05210200009702,112896
methanol,5,cc-pVDZ,ML,-115.05003449365049,132496
methanol,5,cc-pVDZ,ML_exact,-115.05166916032042,118336
methanol,5,cc-pVDZ,MP2,-115.05115398412923,101761
methanol,5,cc-pVDZ,random,-115.04981947806465,126025
methanol,5,cc-pVDZ,zeroes,-115.06695340751497,101124
prop-2-en-1-ol,1,STO-3G,CCSD,-189.4806089343652,19321
prop-2-en-1-ol,1,STO-3G,ML,-189.48055422008719,31329
prop-2-en-1-ol,1,STO-3G,ML_exact,-189.4809960116135,34225
prop-2-en-1-ol,1,STO-3G,MP2,-189.48059093121162,46225
prop-2-en-1-ol,1,STO-3G,random,-189.48042718238912,60025
prop-2-en-1-ol,1,STO-3G,zeroes,-189.49010686932638,70756
prop-2-en-1-ol,1,aug-cc-pVDZ,CCSD,-191.95163447779845,47089
prop-2-en-1-ol,1,aug-cc-pVDZ,ML,-191.95163448055683,75625
prop-2-en-1-ol,1,aug-cc-pVDZ,ML_exact,-191.95163456789692,53361
prop-2-en-1-ol,1,aug-cc-pVDZ,MP2,-191.95163447738094,53361
prop-2-en-1-ol,1,aug-cc-pVDZ,random,-191.95163447373426,53361
prop-2-en-1-ol,1,aug-cc-pVDZ,zeroes,-191.95166612397378,54289
prop-2-en-1-ol,1,cc-pVDZ,CCSD,-191.93649539186328,57121
prop-2-en-1-ol,1,cc-pVDZ,ML,-191.93655761600462,28561
prop-2-en-1-ol,1,cc-pVDZ,ML_exact,-191.93656791823088,38025
prop-2-en-1-ol,1,cc-pVDZ,MP2,-191.93652514790654,49729
prop-2-en-1-ol,1,cc-pVDZ,random,-191.9364953917364,61009
prop-2-en-1-ol,1,cc-pVDZ,zeroes,-191.9380931925636,68644
prop-2-en-1-ol,2,STO-3G,CCSD,-189.48042718238912,27225
prop-2-en-1-ol,2,STO-3G,ML,-189.48042718238912,26569
prop-2-en-1-ol,2,STO-3G,ML_exact,-189.48049500608226,35721
prop-2-en-1-ol,2,STO-3G,MP2,-189.48042718238912,24025
prop-2-en-1-ol,2,STO-3G,random,-189.48042718238912,26569
prop-2-en-1-ol,2,STO-3G,zeroes,-189.48520759000036,114244
prop-2-en-1-ol,2,aug-cc-pVDZ,CCSD,-191.9516344737409,38025
prop-2-en-1-ol,2,aug-cc-pVDZ,ML,-191.95163447373426,42849
prop-2-en-1-ol,2,aug-cc-pVDZ,ML_exact,-191.95163447373426,49729
prop-2-en-1-ol,2,aug-cc-pVDZ,MP2,-191.95163447373426,50625
prop-2-en-1-ol,2,aug-cc-pVDZ,random,-191.95163447373426,46225
prop-2-en-1-ol,2,aug-cc-pVDZ,zeroes,-191.95172365616924,50176
prop-2-en-1-ol,2,cc-pVDZ,CCSD,-191.9364953917364,22801
prop-2-en-1-ol,2,cc-pVDZ,ML,-191.9364953917364,22801
prop-2-en-1-ol,2,cc-pVDZ,ML_exact,-191.9364953917364,47961
prop-2-en-1-ol,2,cc-pVDZ,MP2,-191.93649539728324,36481
prop-2-en-1-ol,2,cc-pVDZ,random,-191.9364953917364,52441
prop-2-en-1-ol,2,cc-pVDZ,zeroes,-191.93810101505784,56644
prop-2-en-1-ol,3,STO-3G,CCSD,-189.48042718238912,29929
prop-2-en-1-ol,3,STO-3G,ML,-189.48042718238912,26569
prop-2-en-1-ol,3,STO-3G,ML_exact,-189.48042718238912,32041
prop-2-en-1-ol,3,STO-3G,MP2,-189.48042718238912,23409
prop-2-en-1-ol,3,STO-3G,random,-189.48042864098045,52441
prop-2-en-1-ol,3,STO-3G,zeroes,-189.48652264191617,71289
prop-2-en-1-ol,3,aug-cc-pVDZ,CCSD,-191.95163447373426,47961
prop-2-en-1-ol,3,aug-cc-pVDZ,ML,-191.95163447373426,44521
prop-2-en-1-ol,3,aug-cc-pVDZ,ML_exact,-191.95163447373426,35721
prop-2-en-1-ol,3,aug-cc-pVDZ,MP2,-191.95163447672752,37249
prop-2-en-1-ol,3,aug-cc-pVDZ,random,-191.95163447373426,34969
prop-2-en-1-ol,3,aug-cc-pVDZ,zeroes,-191.95168911764586,34225
prop-2-en-1-ol,3,cc-pVDZ,CCSD,-191.93650072636962,44521
prop-2-en-1-ol,3,cc-pVDZ,ML,-191.9364953917364,32041
prop-2-en-1-ol,3,cc-pVDZ,ML_exact,-191.9364953917364,50625
prop-2-en-1-ol,3,cc-pVDZ,MP2,-191.9364953917364,24649
prop-2-en-1-ol,3,cc-pVDZ,random,-191.9364953917364,28561
prop-2-en-1-ol,3,cc-pVDZ,zeroes,-191.93936190120496,52441
prop-2-en-1-ol,4,STO-3G,CCSD,-189.48042718238912,35721
prop-2-en-1-ol,4,STO-3G,ML,-189.48042718238912,49729
prop-2-en-1-ol,4,STO-3G,ML_exact,-189.4804369923295,51529
prop-2-en-1-ol,4,STO-3G,MP2,-189.48044287559492,59049
prop-2-en-1-ol,4,STO-3G,random,-189.48042718238912,41209
prop-2-en-1-ol,4,STO-3G,zeroes,-189.48522097015348,91809
prop-2-en-1-ol,4,aug-cc-pVDZ,CCSD,-191.95163447373426,38025
prop-2-en-1-ol,4,aug-cc-pVDZ,ML,-191.95163447373426,41209
prop-2-en-1-ol,4,aug-cc-pVDZ,ML_exact,-191.95163447373426,35721
prop-2-en-1-ol,4,aug-cc-pVDZ,MP2,-191.95163447373426,46225
prop-2-en-1-ol,4,aug-cc-pVDZ,random,-191.95163447373426,43681
prop-2-en-1-ol,4,aug-cc-pVDZ,zeroes,-191.95169805487,34969
prop-2-en-1-ol,4,cc-pVDZ,CCSD,-191.9364953917364,36481
prop-2-en-1-ol,4,cc-pVDZ,ML,-191.9364953917364,48841
prop-2-en-1-ol,4,cc-pVDZ,ML_exact,-191.9364953917364,41209
prop-2-en-1-ol,4,cc-pVDZ,MP2,-191.9364953917364,42025
prop-2-en-1-ol,4,cc-pVDZ,random,-191.9364953917364,38809
prop-2-en-1-ol,4,cc-pVDZ,zeroes,-191.93848637403164,84100
prop-2-en-1-ol,5,STO-3G,CCSD,-189.48042718238912,42849
prop-2-en-1-ol,5,STO-3G,ML,-189.48042718238912,27225
prop-2-en-1-ol,5,STO-3G,ML_exact,-189.48043811387538,40401
prop-2-en-1-ol,5,STO-3G,MP2,-189.48042718238912,58081
prop-2-en-1-ol,5,STO-3G,random,-189.48042718238912,40401
prop-2-en-1-ol,5,STO-3G,zeroes,-189.49007607308914,72361
prop-2-en-1-ol,5,aug-cc-pVDZ,CCSD,-191.95163447373426,56169
prop-2-en-1-ol,5,aug-cc-pVDZ,ML,-191.95163447373426,42849
prop-2-en-1-ol,5,aug-cc-pVDZ,ML_exact,-191.95163447373426,49729
prop-2-en-1-ol,5,aug-cc-pVDZ,MP2,-191.95163447373426,29241
prop-2-en-1-ol,5,aug-cc-pVDZ,random,-191.95163447373426,60025
prop-2-en-1-ol,5,aug-cc-pVDZ,zeroes,-191.95165097353248,42025
prop-2-en-1-ol,5,cc-pVDZ,CCSD,-191.9364953917364,42025
prop-2-en-1-ol,5,cc-pVDZ,ML,-191.9364953917364,37249
prop-2-en-1-ol,5,cc-pVDZ,ML_exact,-191.9364953917364,47961
prop-2-en-1-ol,5,cc-pVDZ,MP2,-191.9364953917364,50625
prop-2-en-1-ol,5,cc-pVDZ,random,-191.9364953917364,38025
prop-2-en-1-ol,5,cc-pVDZ,zeroes,-191.9381044225853,79524
water,1,STO-3G,CCSD,-75.00947853451153,441
water,1,STO-3G,ML,-75.00947853451153,441
water,1,STO-3G,ML_exact,-75.00947853451153,441
water,1,STO-3G,MP2,-75.00947853451153,441
water,1,STO-3G,random,-75.00947853451153,441
water,1,STO-3G,zeroes,-75.00941916674057,225
water,1,aug-cc-pVDZ,CCSD,-76.04098240769277,441
water,1,aug-cc-pVDZ,ML,-76.04098240769277,441
water,1,aug-cc-pVDZ,ML_exact,-76.04098240769277,441
water,1,aug-cc-pVDZ,MP2,-76.04098240769277,441
water,1,aug-cc-pVDZ,random,-76.04098240769277,441
water,1,aug-cc-pVDZ,zeroes,-76.0409740049494,169
water,1,cc-pVDZ,CCSD,-76.03188387639864,441
water,1,cc-pVDZ,ML,-76.03188387639864,441
water,1,cc-pVDZ,ML_exact,-76.03188387639864,441
water,1,cc-pVDZ,MP2,-76.03188387639864,441
water,1,cc-pVDZ,random,-76.03188387639864,441
water,1,cc-pVDZ,zeroes,-76.0317043487414,256
water,2,STO-3G,CCSD,-75.00947853451153,441
water,2,STO-3G,ML,-75.00947853451153,441
water,2,STO-3G,ML_exact,-75.00947853451153,441
water,2,STO-3G,MP2,-75.00947853451153,441
water,2,STO-3G,random,-75.00947853451153,441
water,2,STO-3G,zeroes,-75.00857040609142,225
water,2,aug-cc-pVDZ,CCSD,-76.04098240769277,441
water,2,aug-cc-pVDZ,ML,-76.04098240769277,441
water,2,aug-cc-pVDZ,ML_exact,-76.04098240769277,441
water,2,aug-cc-pVDZ,MP2,-76.04098240769277,441
water,2,aug-cc-pVDZ,random,-76.04098240769277,441
water,2,aug-cc-pVDZ,zeroes,-76.0409768538878,196
water,2,cc-pVDZ,CCSD,-76.03188387639864,441
water,2,cc-pVDZ,ML,-76.03188387639864,441
water,2,cc-pVDZ,ML_exact,-76.03188387639864,441
water,2,cc-pVDZ,MP2,-76.03188387639864,441
water,2,cc-pVDZ,random,-76.03188387639864,441
water,2,cc-pVDZ,zeroes,-76.03142509730371,256
water,3,STO-3G,CCSD,-75.00947853451153,441
water,3,STO-3G,ML,-75.00947853451153,441
water,3,STO-3G,ML_exact,-75.00947853451153,441
water,3,STO-3G,MP2,-75.00947853451153,441
water,3,STO-3G,random,-75.00947853451153,441
water,3,STO-3G,zeroes,-75.00941918759615,256
water,3,aug-cc-pVDZ,CCSD,-76.04098240769277,441
water,3,aug-cc-pVDZ,ML,-76.04098240769277,441
water,3,aug-cc-pVDZ,ML_exact,-76.04098240769277,441
water,3,aug-cc-pVDZ,MP2,-76.04098240769277,441
water,3,aug-cc-pVDZ,random,-76.04098240769277,441
water,3,aug-cc-pVDZ,zeroes,-76.04097684071853,144
water,3,cc-pVDZ,CCSD,-76.03188387639864,441
water,3,cc-pVDZ,ML,-76.03188387639864,441
water,3,cc-pVDZ,ML_exact,-76.03188387639864,441
water,3,cc-pVDZ,MP2,-76.03188387639864,441
water,3,cc-pVDZ,random,-76.03188387639864,441
water,3,cc-pVDZ,zeroes,-76.03170104827431,361
water,4,STO-3G,CCSD,-75.00947853451153,441
water,4,STO-3G,ML,-75.00947853451153,441
water,4,STO-3G,ML_exact,-75.00947853451153,441
water,4,STO-3G,MP2,-75.00947853451153,441
water,4,STO-3G,random,-75.00947853451153,441
water,4,STO-3G,zeroes,-75.00857038349092,196
water,4,aug-cc-pVDZ,CCSD,-76.04098240769277,441
water,4,aug-cc-pVDZ,ML,-76.04098240769277,441
water,4,aug-cc-pVDZ,ML_exact,-76.04098240769277,441
water,4,aug-cc-pVDZ,MP2,-76.04098240769277,441
water,4,aug-cc-pVDZ,random,-76.04098240769277,441
water,4,aug-cc-pVDZ,zeroes,-76.04097400578515,256
water,4,cc-pVDZ,CCSD,-76.03188387639864,441
water,4,cc-pVDZ,ML,-76.03188387639864,441
water,4,cc-pVDZ,ML_exact,-76.03188387639864,441
water,4,cc-pVDZ,MP2,-76.03188387639864,441
water,4,cc-pVDZ,random,-76.03188387639864,441
water,4,cc-pVDZ,zeroes,-76.03142509730371,256
water,5,STO-3G,CCSD,-75.00947853451153,441
water,5,STO-3G,ML,-75.00947853451153,441
water,5,STO-3G,ML_exact,-75.00947853451153,441
water,5,STO-3G,MP2,-75.00947853451153,441
water,5,STO-3G,random,-75.00947853451153,441
water,5,STO-3G,zeroes,-75.00857047087584,225
water,5,aug-cc-pVDZ,CCSD,-76.04098240769277,441
water,5,aug-cc-pVDZ,ML,-76.04098240769277,441
water,5,aug-cc-pVDZ,ML_exact,-76.04098240769277,441
water,5,aug-cc-pVDZ,MP2,-76.04098240769277,441
water,5,aug-cc-pVDZ,random,-76.04098240769277,441
water,5,aug-cc-pVDZ,zeroes,-76.0409740049494,169
water,5,cc-pVDZ,CCSD,-76.03188387639864,441
water,5,cc-pVDZ,ML,-76.03188387639864,441
water,5,cc-pVDZ,ML_exact,-76.03188387639864,441
water,5,cc-pVDZ,MP2,-76.03188387639864,441
water,5,cc-pVDZ,random,-76.03188387639864,441
water,5,cc-pVDZ,zeroes,-76.03188029527438,289
