,structure,basis set,PySCF_Corr,Psi4_Corr,PySCF_norm_t1,Psi4_norm_t1,PySCF_norm_t2,Psi4_norm_t2
0,CN,STO-3G,,,,,,
1,CN,cc-pVDZ,,,,,,
2,CN,aug-cc-pVDZ,,,,,,
3,HN,STO-3G,-0.061979054475797164,-0.06197939297961289,0.008506866260828937,0.008506788105077651,1.0066036813885963,0.008506788105077651
4,HN,cc-pVDZ,-0.1537111975693161,-0.15371120847021008,0.015478309595547628,0.015478970961714245,0.4264806170734605,0.015478970961714245
5,HN,aug-cc-pVDZ,-0.1617697290686438,-0.16176971320320183,0.023044968617546752,0.02304520328621678,0.40408422051606974,0.02304520328621678
6,BO,STO-3G,,,,,,
7,BO,cc-pVDZ,,,,,,
8,BO,aug-cc-pVDZ,,,,,,
9,CLi,STO-3G,,,,,,
10,CLi,cc-pVDZ,,,,,,
11,CLi,aug-cc-pVDZ,,,,,,
12,BeN,STO-3G,,,,,,
13,BeN,cc-pVDZ,,,,,,
14,BeN,aug-cc-pVDZ,,,,,,
15,BBe,STO-3G,,,,,,
16,BBe,cc-pVDZ,,,,,,
17,BBe,aug-cc-pVDZ,,,,,,
18,LiO,STO-3G,,,,,,
19,LiO,cc-pVDZ,,,,,,
20,LiO,aug-cc-pVDZ,,,,,,
21,BLi,STO-3G,-0.08661131460665673,-0.08661132974151431,0.20319082694044696,0.2031912689331314,0.5154400559622321,0.2031912689331314
22,BLi,cc-pVDZ,-0.0952319884270201,-0.09513537588683599,0.08475059117409624,0.0852466032422466,0.39526259424699656,0.0852466032422466
23,BLi,aug-cc-pVDZ,-0.09717878580324871,-0.09712722756878817,0.07593873049498265,0.07614216105378904,0.3916485921745634,0.07614216105378904
24,CF,STO-3G,,,,,,
25,CF,cc-pVDZ,,,,,,
26,CF,aug-cc-pVDZ,,,,,,
27,CH,STO-3G,,,,,,
28,CH,cc-pVDZ,,,,,,
29,CH,aug-cc-pVDZ,,,,,,
30,BeF,STO-3G,,,,,,
31,BeF,cc-pVDZ,,,,,,
32,BeF,aug-cc-pVDZ,,,,,,
33,FH,STO-3G,-0.026439577067419985,-0.026439606150872687,0.01171584481669128,0.01171584235573517,0.1251031915139782,0.01171584235573517
34,FH,cc-pVDZ,-0.2090629941403514,-0.20906294761801383,0.01613019966040164,0.016130255643162523,0.18617566483616768,0.016130255643162523
35,FH,aug-cc-pVDZ,-0.22844435119058099,-0.22844432718151902,0.03547284022658005,0.035472879015286334,0.20111927479413866,0.035472879015286334
36,BeO,STO-3G,-0.13312180511493885,-0.13312176255008076,0.23044094765947817,0.23043984039738122,0.3330493447600844,0.23043984039738122
37,BeO,cc-pVDZ,-0.24129253139936926,-0.24125629760143902,0.14787815560035078,0.1479156216639779,0.285528558288706,0.1479156216639779
38,BeO,aug-cc-pVDZ,-0.2558545275769615,-0.25584454951536206,0.13243272500261147,0.1324144562888998,0.28833186591182314,0.1324144562888998
39,LiLi,STO-3G,-0.02828473439029547,-0.028284720801417817,0.04955398414359993,0.04955287443114374,0.30692156393535525,0.04955287443114374
40,LiLi,cc-pVDZ,-0.031382257217915474,-0.03143210578867598,0.01802956955564631,0.017701835303147655,0.32129020820932164,0.017701835303147655
41,LiLi,aug-cc-pVDZ,-0.03156438230687615,-0.031532019431534,0.020759274157872647,0.020619858927258313,0.3216644078821069,0.020619858927258313
42,CO,STO-3G,-0.1312589023889748,-0.1312588146770186,0.06619522295977275,0.06619459599940576,0.24775263754837393,0.06619459599940576
43,CO,cc-pVDZ,-0.2983724180843621,-0.29837240010848326,0.06145802570068824,0.06145659650988423,0.2955261643075746,0.06145659650988423
44,CO,aug-cc-pVDZ,-0.31087948370359975,-0.3108794488941905,0.06054679214253314,0.060544756494593066,0.303696287823097,0.060544756494593066
45,CC,STO-3G,-0.2534862570807724,-0.25348582190304747,0.12635376285876002,0.12635384550262807,0.5740244965130149,0.12635384550262807
46,CC,cc-pVDZ,-0.3160144643951762,-0.3160144901577303,0.10858771111121023,0.10858696460350754,0.5191255612529098,0.10858696460350754
47,CC,aug-cc-pVDZ,-0.3208711596493875,-0.32087121198909896,0.10988052302702489,0.10988031801446829,0.5195998951490747,0.10988031801446829
48,BeLi,STO-3G,,,,,,
49,BeLi,cc-pVDZ,,,,,,
50,BeLi,aug-cc-pVDZ,,,,,,
51,NN,STO-3G,-0.1538066025828511,-0.15380659313185885,0.010212771502035967,0.010212775850391717,0.2699159676501967,0.010212775850391717
52,NN,cc-pVDZ,-0.3136793212204344,-0.3136793490519426,0.03726714631892912,0.037267210249407476,0.30902287826064717,0.037267210249407476
53,NN,aug-cc-pVDZ,-0.32463921001485624,-0.3246392307521264,0.041350872099276584,0.0413510512777601,0.317026810230079,0.0413510512777601
54,BeBe,STO-3G,-0.1031072082271841,-0.10310719335153912,0.03225088714685059,0.032251118547567216,0.5059046566001445,0.032251118547567216
55,BeBe,cc-pVDZ,-0.09785549898729008,-0.09786219085303278,0.05125909915802129,0.05124409389745313,0.4631304690066659,0.05124409389745313
56,BeBe,aug-cc-pVDZ,-0.09816228962807699,-0.09818478349912707,0.05542460888401886,0.05545072776778277,0.46257756901400654,0.05545072776778277
57,BC,STO-3G,,,,,,
58,BC,cc-pVDZ,,,,,,
59,BC,aug-cc-pVDZ,,,,,,
60,BeC,STO-3G,-0.14422148964220116,-0.14422136763010612,0.17000936183416315,0.17000802504788984,0.5154485733539176,0.17000802504788984
61,BeC,cc-pVDZ,-0.18039684085780752,-0.18037202610239333,0.15776974889040302,0.1578329597970761,0.45246920379327815,0.1578329597970761
62,BeC,aug-cc-pVDZ,-0.18392884135234677,-0.18388535894893424,0.15655951103259574,0.15665157965179802,0.4499108126490107,0.15665157965179802
63,HLi,STO-3G,-0.020275919926000124,-0.02027591889970389,0.03892874143409883,0.03892882327128576,0.15204491869252637,0.03892882327128576
64,HLi,cc-pVDZ,-0.031108876633573687,-0.031025842821815933,0.023466778233964033,0.02347034970484862,0.1636694205881824,0.02347034970484862
65,HLi,aug-cc-pVDZ,-0.0371125043795943,-0.03709560169114091,0.017419481741672415,0.017462725230707327,0.1752887506447648,0.017462725230707327
66,BB,STO-3G,-0.18319514895105543,-0.1831950687209731,0.12492368604365202,0.12492366743408977,0.582370062125555,0.12492366743408977
67,BB,cc-pVDZ,-0.19375201583463805,-0.19375214590149795,0.09649011046106068,0.09649015058413032,0.516084322121741,0.09649015058413032
68,BB,aug-cc-pVDZ,-0.19594798915833464,-0.19594799949956157,0.09825732928793243,0.09825604159123336,0.5171984246621195,0.09825604159123336
69,FLi,STO-3G,-0.05486759830206185,-0.05486751428284929,0.11948916591852682,0.11949084230473077,0.19139416181074875,0.11949084230473077
70,FLi,cc-pVDZ,-0.20912497438394284,-0.20917847406657297,0.05328580193863759,0.05331548834523248,0.19255219457741948,0.05331548834523248
71,FLi,aug-cc-pVDZ,-0.23722905580559,-0.23723664416633,0.05274983100025258,0.05271703445034606,0.20769452926019413,0.05271703445034606
72,NO,STO-3G,,,,,,
73,NO,cc-pVDZ,,,,,,
74,NO,aug-cc-pVDZ,,,,,,
75,FN,STO-3G,-0.08702091334223419,-0.08702093030257049,0.09510796324732278,0.09510770870625028,0.4729521233124906,0.09510770870625028
76,FN,cc-pVDZ,-0.34123060206413425,-0.34122995730524264,0.0876834603646619,0.0876806061662352,0.34458250068506535,0.0876806061662352
77,FN,aug-cc-pVDZ,-0.363511170818703,-0.3635111018162617,0.09058438802974393,0.09058404640592498,0.35077782377686,0.09058404640592498
78,BH,STO-3G,-0.0574120842416421,-0.057412076129854224,0.02201384404014351,0.02201381219999904,0.2999341707290261,0.02201381219999904
79,BH,cc-pVDZ,-0.08915512206558962,-0.089155019291809,0.026464289322685294,0.026463381635332472,0.30032192316752576,0.026463381635332472
80,BH,aug-cc-pVDZ,-0.09119964405077692,-0.0911996544619031,0.026390442505305325,0.026390533535513964,0.3036474786404299,0.026390533535513964
81,FO,STO-3G,,,,,,
82,FO,cc-pVDZ,,,,,,
83,FO,aug-cc-pVDZ,,,,,,
84,OO,STO-3G,-0.14250299018440904,-0.142502972041344,0.013501190277735846,0.013501153570362903,0.41165170759401826,0.013501153570362903
85,OO,cc-pVDZ,-0.3819782116555604,-0.38197810582452113,0.043005301434827385,0.043005280871104404,0.3381344450828077,0.043005280871104404
86,OO,aug-cc-pVDZ,-0.4009413892991338,-0.4009413263407003,0.055004447509700974,0.05500439767397425,0.3455990764418165,0.05500439767397425
87,BF,STO-3G,-0.07862531305172046,-0.07862530926778791,0.06825340254056121,0.06825327090116692,0.24628187200010954,0.06825327090116692
88,BF,cc-pVDZ,-0.269359829723167,-0.2693598487381152,0.05513359607979462,0.0551319498410454,0.29937613193914775,0.0551319498410454
89,BF,aug-cc-pVDZ,-0.28494288763901515,-0.2849429049306486,0.05429926433394616,0.05429935443042092,0.3077944195987109,0.05429935443042092
90,HH,STO-3G,-0.021457407803927346,,1.4342539766911463e-16,5.0919112079054586e-18,0.11764658654358612,5.0919112079054586e-18
91,HH,cc-pVDZ,-0.035044182277407084,-0.03504417279940602,0.007856086941406947,0.00785607763487189,0.13305013418037523,0.00785607763487189
92,HH,aug-cc-pVDZ,-0.03618608762587197,-0.036186107629776545,0.007180004219594109,0.0071805631137233025,0.13701351801647602,0.0071805631137233025
93,LiN,STO-3G,-0.07657032010081,-0.07775667322938727,0.09111033080031021,0.08522389670853375,0.8740556859868147,0.08522389670853375
94,LiN,cc-pVDZ,-0.15426371369778416,-0.16141065536833354,0.04223501717837626,0.043984432232420705,0.39123058734569016,0.043984432232420705
95,LiN,aug-cc-pVDZ,-0.16915481924632508,-0.1690304811377133,0.03872416749416338,0.03870126443434118,0.38029099677647143,0.03870126443434118
96,FF,STO-3G,-0.07844299765451748,-0.07844300090870979,0.01650012348214622,0.01650012142069667,0.2580689930321376,0.01650012142069667
97,FF,cc-pVDZ,-0.4044030520815113,-0.4044029643215626,0.03455503901449852,0.034554608688656896,0.2986819132476756,0.034554608688656896
98,FF,aug-cc-pVDZ,-0.4371928051090803,-0.43719280366240354,0.05155229838746198,0.05155204254950884,0.3102787039629595,0.05155204254950884
99,BN,STO-3G,-0.21187155836059013,-0.21187139879092273,0.21972401411153253,0.21972768787169009,0.5093449816723424,0.21972768787169009
100,BN,cc-pVDZ,-0.2905617554506221,-0.29056200625492284,0.23394806869819199,0.2339447503263315,0.4582820865883043,0.2339447503263315
101,BN,aug-cc-pVDZ,-0.29691588998481994,-0.2969158263878349,0.2360706069988159,0.23606912910758068,0.4579806270477886,0.23606912910758068
102,HO,STO-3G,,,,,,
103,HO,cc-pVDZ,,,,,,
104,HO,aug-cc-pVDZ,,,,,,
105,BeH,STO-3G,,,,,,
106,BeH,cc-pVDZ,,,,,,
107,BeH,aug-cc-pVDZ,,,,,,
